Workbook

Sheet 00_Dashboard
A1: ECAR | OBRA ROQUE — TABLERO DE CONTROL
A2: Flujo: Estado Actual → Para Programar → Planificación → Orden Diaria → Parte Diario → Control Semanal.
A4: ESTADO DE OBRA | B4: VALOR | D4: OPERACIÓN | E4: VALOR | G4: CALIDAD / ESPECIALES | H4: VALOR
A5: Ítems cargados | B5: =COUNTIF('01_Estado_Actual'!$E$5:$E$1204,">0") -> 1200 | D5: Plan Maestro cargado | E5: =COUNTIF('03_Planificacion'!$B$5:$B$84,"<>") -> 0 | G5: Servicios proyecto | H5: =SUM('07_Base_Tecnica'!$Q$5:$Q$54) -> 227
A6: Terminadas | B6: =COUNTIF('01_Estado_Actual'!$L$5:$L$1204,"Terminada") -> 307 | D6: Programaciones cargadas | E6: =COUNTIF('03_Planificacion'!$B$99:$B$138,"<>") -> 0 | G6: Vainas colocadas | H6: =MAX(COUNTIF('06_Control_Semanal'!$D$283:$D$533,"Colocada"),SUMIFS('05_Parte_Diario'!$H$5:$H$104,'05_Parte_Diario'!$E$5:$E$104,"06 Servicios - Colocación de vaina / caño camisa")) -> 0
A7: Para Programar | B7: =COUNTIF('01_Estado_Actual'!$L$5:$L$1204,"Para Programar") -> 144 | D7: ODT generadas | E7: =COUNTIF('04_Orden_Diaria'!$C$5:$C$44,"<>") -> 0 | G7: Base servicio aprobada | H7: =COUNTIF('06_Control_Semanal'!$F$283:$F$533,"Aprobado") -> 0
A8: En curso | B8: =COUNTIF('01_Estado_Actual'!$L$5:$L$1204,"En curso") -> 0 | D8: Partes con ejecución | E8: =COUNTIF('05_Parte_Diario'!$H$5:$H$104,">0") -> 0 | G8: Paquete servicio aprobado | H8: =COUNTIF('06_Control_Semanal'!$H$283:$H$533,"Aprobado") -> 0
A9: Bloqueadas | B9: =COUNTIF('01_Estado_Actual'!$L$5:$L$1204,"Bloqueada") -> 0 | D9: Desvíos abiertos | E9: =COUNTIFS('06_Control_Semanal'!$B$133:$B$192,">0",'06_Control_Semanal'!$M$133:$M$192,"<>Terminada") -> 0 | G9: Servicios terminados | H9: =COUNTIF('06_Control_Semanal'!$I$283:$I$533,"Terminado") -> 0
A10: Avance real prom.* | B10: =IFERROR(AVERAGE('01_Estado_Actual'!$H$5:$H$1204),0) -> 0.24359053 | D10: Para Programar sin Plan | E10: =COUNTIF('02_Para_Programar'!$K$5:$K$224,"NO") -> 165 | G10: Hidrantes confirmados | H10: =COUNTIF('06_Control_Semanal'!$C$203:$C$222,"<>") -> 0
A11: Alertas de consistencia | B11: =COUNTIF('01_Estado_Actual'!$T$5:$T$1204,"INCONSISTENCIA - REVISAR MANUALMENTE: Terminada con saldo")+COUNTIF('01_Estado_Actual'!$T$5:$T$1204,"INCONSISTENCIA - REVISAR MANUALMENTE: Para Programar sin saldo") -> 15 | D11: Metas > saldo | E11: =COUNTIF('03_Planificacion'!$S$99:$S$138,"REVISAR > SALDO") -> 0 | G11: Hidrantes terminados | H11: =COUNTIF('06_Control_Semanal'!$D$203:$D$222,100) -> 0
G12: Hidrantes con alerta | H12: =COUNTIF('06_Control_Semanal'!$H$203:$H$222,"ALERTA*") -> 0
A14: CAPACIDAD OPERATIVA
A15: Plan Maestro | B15: 80 actividades | C15: Programación semanal | D15: 40 compromisos | E15: ODT | F15: 40 órdenes | G15: Parte Diario | H15: 100 registros
A16: Nota | B16: Los bloques de Programación/ODT/Parte pueden ampliarse sin cambiar el modelo cuando la operación lo requiera.

Sheet 01_Estado_Actual
A1: ECAR | OBRA ROQUE — ESTADO ACTUAL Y AVANCE | V1: 46287
A2: Corte físico de obra. Total y datos técnicos se conservan; Ejecutado/Saldo/%/Plan/Desvío quedan calculados. Estado define qué pasa a programación.
A4: Código | B4: Sector / Tramo | C4: Actividad | D4: Unidad | E4: Total obra | F4: Ejecutado acumulado | G4: Saldo | H4: % avance real | I4: Planificado a fecha | J4: % avance plan. | K4: Desvío (pp) | L4: Estado | M4: Restricción / Observación | N4: Prioridad | O4: Responsable | P4: Fecha de corte | Q4: Pasaje / Calle | R4: Ø (mm) | S4: Tipo de red | T4: Alerta | U4: Orden PP válido | W4: Clave | X4: Ejecutado base corte
A5: AG-01 | B5: N1 - N2 | C5: 01 Replanteo - Marcación de tramo de cañería principal | D5: m | E5: 165 | F5: =IF(E5="","",MIN(E5,$X5+SUMIFS('05_Parte_Diario'!$H$5:$H$204,'05_Parte_Diario'!$D$5:$D$204,B5,'05_Parte_Diario'!$E$5:$E$204,C5))) -> 0 | G5: =IF(E5="","",MAX(E5-F5,0)) -> 165 | H5: =IFERROR(F5/E5,0) -> 0 | I5: =IF(OR(B5="",C5="",$V$1=""),"",MIN(E5,SUMIFS('03_Planificacion'!$G$99:$G$178,'03_Planificacion'!$E$99:$E$178,B5,'03_Planificacion'!$F$99:$F$178,C5,'03_Planificacion'!$D$99:$D$178,"<="&$V$1))) -> 0 | J5: =IFERROR(I5/E5,0) -> 0 | K5: =IF(OR(E5="",$V$1=""),"",H5-J5) -> 0 | L5: No iniciada | P5: =IF(A5="","",$V$1) -> 46287 | Q5: Pasaje N°13 | R5: 75 | S5: Red distribuidora | T5: =IF(A5="","",IF(AND(L5="Para Programar",G5=0),"INCONSISTENCIA - REVISAR MANUALMENTE: Para Programar sin saldo",IF(AND(L5="Terminada",G5>0),"INCONSISTENCIA - REVISAR MANUALMENTE: Terminada con saldo",""))) | U5: =IF(AND(L5="Para Programar",G5>0),COUNTIFS($L$5:L5,"Para Programar",$G$5:G5,">0"),"") | W5: =IF(OR(B5="",C5=""),"",B5&"|"&C5) -> N1 - N2|01 Replanteo - Marcación de tramo de cañería principal | X5: 0
A6: AG-03 | B6: N1 - N2 | C6: 02 Excavación - Zanja principal | D6: m | E6: 165 | F6: =IF(E6="","",MIN(E6,$X6+SUMIFS('05_Parte_Diario'!$H$5:$H$204,'05_Parte_Diario'!$D$5:$D$204,B6,'05_Parte_Diario'!$E$5:$E$204,C6))) -> 0 | G6: =IF(E6="","",MAX(E6-F6,0)) -> 165 | H6: =IFERROR(F6/E6,0) -> 0 | I6: =IF(OR(B6="",C6="",$V$1=""),"",MIN(E6,SUMIFS('03_Planificacion'!$G$99:$G$178,'03_Planificacion'!$E$99:$E$178,B6,'03_Planificacion'!$F$99:$F$178,C6,'03_Planificacion'!$D$99:$D$178,"<="&$V$1))) -> 0 | J6: =IFERROR(I6/E6,0) -> 0 | K6: =IF(OR(E6="",$V$1=""),"",H6-J6) -> 0 | L6: No iniciada | P6: =IF(A6="","",$V$1) -> 46287 | Q6: Pasaje N°13 | R6: 75 | S6: Red distribuidora | T6: =IF(A6="","",IF(AND(L6="Para Programar",G6=0),"INCONSISTENCIA - REVISAR MANUALMENTE: Para Programar sin saldo",IF(AND(L6="Terminada",G6>0),"INCONSISTENCIA - REVISAR MANUALMENTE: Terminada con saldo",""))) | U6: =IF(AND(L6="Para Programar",G6>0),COUNTIFS($L$5:L6,"Para Programar",$G$5:G6,">0"),"") | W6: =IF(OR(B6="",C6=""),"",B6&"|"&C6) -> N1 - N2|02 Excavación - Zanja principal | X6: 0
A7: AG-05 | B7: N1 - N2 | C7: 03 Base de asiento - Nivelación de fondo de zanja | D7: m | E7: 165 | F7: =IF(E7="","",MIN(E7,$X7+SUMIFS('05_Parte_Diario'!$H$5:$H$204,'05_Parte_Diario'!$D$5:$D$204,B7,'05_Parte_Diario'!$E$5:$E$204,C7))) -> 0 | G7: =IF(E7="","",MAX(E7-F7,0)) -> 165 | H7: =IFERROR(F7/E7,0) -> 0 | I7: =IF(OR(B7="",C7="",$V$1=""),"",MIN(E7,SUMIFS('03_Planificacion'!$G$99:$G$178,'03_Planificacion'!$E$99:$E$178,B7,'03_Planificacion'!$F$99:$F$178,C7,'03_Planificacion'!$D$99:$D$178,"<="&$V$1))) -> 0 | J7: =IFERROR(I7/E7,0) -> 0 | K7: =IF(OR(E7="",$V$1=""),"",H7-J7) -> 0 | L7: No iniciada | P7: =IF(A7="","",$V$1) -> 46287 | Q7: Pasaje N°13 | R7: 75 | S7: Red distribuidora | T7: =IF(A7="","",IF(AND(L7="Para Programar",G7=0),"INCONSISTENCIA - REVISAR MANUALMENTE: Para Programar sin saldo",IF(AND(L7="Terminada",G7>0),"INCONSISTENCIA - REVISAR MANUALMENTE: Terminada con saldo",""))) | U7: =IF(AND(L7="Para Programar",G7>0),COUNTIFS($L$5:L7,"Para Programar",$G$5:G7,">0"),"") | W7: =IF(OR(B7="",C7=""),"",B7&"|"&C7) -> N1 - N2|03 Base de asiento - Nivelación de fondo de zanja | X7: 0
A8: AG-06 | B8: N1 - N2 | C8: 03 Base de asiento - Aporte de material base e=0,10 m | D8: m | E8: 165 | F8: =IF(E8="","",MIN(E8,$X8+SUMIFS('05_Parte_Diario'!$H$5:$H$204,'05_Parte_Diario'!$D$5:$D$204,B8,'05_Parte_Diario'!$E$5:$E$204,C8))) -> 0 | G8: =IF(E8="","",MAX(E8-F8,0)) -> 165 | H8: =IFERROR(F8/E8,0) -> 0 | I8: =IF(OR(B8="",C8="",$V$1=""),"",MIN(E8,SUMIFS('03_Planificacion'!$G$99:$G$178,'03_Planificacion'!$E$99:$E$178,B8,'03_Planificacion'!$F$99:$F$178,C8,'03_Planificacion'!$D$99:$D$178,"<="&$V$1))) -> 0 | J8: =IFERROR(I8/E8,0) -> 0 | K8: =IF(OR(E8="",$V$1=""),"",H8-J8) -> 0 | L8: No iniciada | P8: =IF(A8="","",$V$1) -> 46287 | Q8: Pasaje N°13 | R8: 75 | S8: Red distribuidora | T8: =IF(A8="","",IF(AND(L8="Para Programar",G8=0),"INCONSISTENCIA - REVISAR MANUALMENTE: Para Programar sin saldo",IF(AND(L8="Terminada",G8>0),"INCONSISTENCIA - REVISAR MANUALMENTE: Terminada con saldo",""))) | U8: =IF(AND(L8="Para Programar",G8>0),COUNTIFS($L$5:L8,"Para Programar",$G$5:G8,">0"),"") | W8: =IF(OR(B8="",C8=""),"",B8&"|"&C8) -> N1 - N2|03 Base de asiento - Aporte de material base e=0,10 m | X8: 0
A9: AG-07 | B9: N1 - N2 | C9: 03 Base de asiento - Compactación | D9: m | E9: 165 | F9: =IF(E9="","",MIN(E9,$X9+SUMIFS('05_Parte_Diario'!$H$5:$H$204,'05_Parte_Diario'!$D$5:$D$204,B9,'05_Parte_Diario'!$E$5:$E$204,C9))) -> 0 | G9: =IF(E9="","",MAX(E9-F9,0)) -> 165 | H9: =IFERROR(F9/E9,0) -> 0 | I9: =IF(OR(B9="",C9="",$V$1=""),"",MIN(E9,SUMIFS('03_Planificacion'!$G$99:$G$178,'03_Planificacion'!$E$99:$E$178,B9,'03_Planificacion'!$F$99:$F$178,C9,'03_Planificacion'!$D$99:$D$178,"<="&$V$1))) -> 0 | J9: =IFERROR(I9/E9,0) -> 0 | K9: =IF(OR(E9="",$V$1=""),"",H9-J9) -> 0 | L9: No iniciada | P9: =IF(A9="","",$V$1) -> 46287 | Q9: Pasaje N°13 | R9: 75 | S9: Red distribuidora | T9: =IF(A9="","",IF(AND(L9="Para Programar",G9=0),"INCONSISTENCIA - REVISAR MANUALMENTE: Para Programar sin saldo",IF(AND(L9="Terminada",G9>0),"INCONSISTENCIA - REVISAR MANUALMENTE: Terminada con saldo",""))) | U9: =IF(AND(L9="Para Programar",G9>0),COUNTIFS($L$5:L9,"Para Programar",$G$5:G9,">0"),"") | W9: =IF(OR(B9="",C9=""),"",B9&"|"&C9) -> N1 - N2|03 Base de asiento - Compactación | X9: 0
A10: HI-01 | B10: N1 - N2 | C10: 04 Inspecciones previas - Laboratorio base de asiento | D10: tramo | E10: 1 | F10: =IF(E10="","",MIN(E10,$X10+SUMIFS('05_Parte_Diario'!$H$5:$H$204,'05_Parte_Diario'!$D$5:$D$204,B10,'05_Parte_Diario'!$E$5:$E$204,C10))) -> 0 | G10: =IF(E10="","",MAX(E10-F10,0)) -> 1 | H10: =IFERROR(F10/E10,0) -> 0 | I10: =IF(OR(B10="",C10="",$V$1=""),"",MIN(E10,SUMIFS('03_Planificacion'!$G$99:$G$178,'03_Planificacion'!$E$99:$E$178,B10,'03_Planificacion'!$F$99:$F$178,C10,'03_Planificacion'!$D$99:$D$178,"<="&$V$1))) -> 0 | J10: =IFERROR(I10/E10,0) -> 0 | K10: =IF(OR(E10="",$V$1=""),"",H10-J10) -> 0 | L10: No iniciada | P10: =IF(A10="","",$V$1) -> 46287 | Q10: Pasaje N°13 | R10: 75 | S10: Red distribuidora | T10: =IF(A10="","",IF(AND(L10="Para Programar",G10=0),"INCONSISTENCIA - REVISAR MANUALMENTE: Para Programar sin saldo",IF(AND(L10="Terminada",G10>0),"INCONSISTENCIA - REVISAR MANUALMENTE: Terminada con saldo",""))) | U10: =IF(AND(L10="Para Programar",G10>0),COUNTIFS($L$5:L10,"Para Programar",$G$5:G10,">0"),"") | W10: =IF(OR(B10="",C10=""),"",B10&"|"&C10) -> N1 - N2|04 Inspecciones previas - Laboratorio base de asiento | X10: 0
A11: HI-02 | B11: N1 - N2 | C11: 04 Inspecciones previas - Zanja y materiales | D11: tramo | E11: 1 | F11: =IF(E11="","",MIN(E11,$X11+SUMIFS('05_Parte_Diario'!$H$5:$H$204,'05_Parte_Diario'!$D$5:$D$204,B11,'05_Parte_Diario'!$E$5:$E$204,C11))) -> 0 | G11: =IF(E11="","",MAX(E11-F11,0)) -> 1 | H11: =IFERROR(F11/E11,0) -> 0 | I11: =IF(OR(B11="",C11="",$V$1=""),"",MIN(E11,SUMIFS('03_Planificacion'!$G$99:$G$178,'03_Planificacion'!$E$99:$E$178,B11,'03_Planificacion'!$F$99:$F$178,C11,'03_Planificacion'!$D$99:$D$178,"<="&$V$1))) -> 0 | J11: =IFERROR(I11/E11,0) -> 0 | K11: =IF(OR(E11="",$V$1=""),"",H11-J11) -> 0 | L11: No iniciada | P11: =IF(A11="","",$V$1) -> 46287 | Q11: Pasaje N°13 | R11: 75 | S11: Red distribuidora | T11: =IF(A11="","",IF(AND(L11="Para Programar",G11=0),"INCONSISTENCIA - REVISAR MANUALMENTE: Para Programar sin saldo",IF(AND(L11="Terminada",G11>0),"INCONSISTENCIA - REVISAR MANUALMENTE: Terminada con saldo",""))) | U11: =IF(AND(L11="Para Programar",G11>0),COUNTIFS($L$5:L11,"Para Programar",$G$5:G11,">0"),"") | W11: =IF(OR(B11="",C11=""),"",B11&"|"&C11) -> N1 - N2|04 Inspecciones previas - Zanja y materiales | X11: 0
A12: AG-08 | B12: N1 - N2 | C12: 05 Tendido de cañería - Cañería principal | D12: m | E12: 165 | F12: =IF(E12="","",MIN(E12,$X12+SUMIFS('05_Parte_Diario'!$H$5:$H$204,'05_Parte_Diario'!$D$5:$D$204,B12,'05_Parte_Diario'!$E$5:$E$204,C12))) -> 0 | G12: =IF(E12="","",MAX(E12-F12,0)) -> 165 | H12: =IFERROR(F12/E12,0) -> 0 | I12: =IF(OR(B12="",C12="",$V$1=""),"",MIN(E12,SUMIFS('03_Planificacion'!$G$99:$G$178,'03_Planificacion'!$E$99:$E$178,B12,'03_Planificacion'!$F$99:$F$178,C12,'03_Planificacion'!$D$99:$D$178,"<="&$V$1))) -> 0 | J12: =IFERROR(I12/E12,0) -> 0 | K12: =IF(OR(E12="",$V$1=""),"",H12-J12) -> 0 | L12: No iniciada | P12: =IF(A12="","",$V$1) -> 46287 | Q12: Pasaje N°13 | R12: 75 | S12: Red distribuidora | T12: =IF(A12="","",IF(AND(L12="Para Programar",G12=0),"INCONSISTENCIA - REVISAR MANUALMENTE: Para Programar sin saldo",IF(AND(L12="Terminada",G12>0),"INCONSISTENCIA - REVISAR MANUALMENTE: Terminada con saldo",""))) | U12: =IF(AND(L12="Para Programar",G12>0),COUNTIFS($L$5:L12,"Para Programar",$G$5:G12,">0"),"") | W12: =IF(OR(B12="",C12=""),"",B12&"|"&C12) -> N1 - N2|05 Tendido de cañería - Cañería principal | X12: 0
A13: AG-09 | B13: N1 - N2 | C13: 05 Tendido de cañería - Relevamiento planialtimétrico | D13: m | E13: 165 | F13: =IF(E13="","",MIN(E13,$X13+SUMIFS('05_Parte_Diario'!$H$5:$H$204,'05_Parte_Diario'!$D$5:$D$204,B13,'05_Parte_Diario'!$E$5:$E$204,C13))) -> 0 | G13: =IF(E13="","",MAX(E13-F13,0)) -> 165 | H13: =IFERROR(F13/E13,0) -> 0 | I13: =IF(OR(B13="",C13="",$V$1=""),"",MIN(E13,SUMIFS('03_Planificacion'!$G$99:$G$178,'03_Planificacion'!$E$99:$E$178,B13,'03_Planificacion'!$F$99:$F$178,C13,'03_Planificacion'!$D$99:$D$178,"<="&$V$1))) -> 0 | J13: =IFERROR(I13/E13,0) -> 0 | K13: =IF(OR(E13="",$V$1=""),"",H13-J13) -> 0 | L13: No iniciada | P13: =IF(A13="","",$V$1) -> 46287 | Q13: Pasaje N°13 | R13: 75 | S13: Red distribuidora | T13: =IF(A13="","",IF(AND(L13="Para Programar",G13=0),"INCONSISTENCIA - REVISAR MANUALMENTE: Para Programar sin saldo",IF(AND(L13="Terminada",G13>0),"INCONSISTENCIA - REVISAR MANUALMENTE: Terminada con saldo",""))) | U13: =IF(AND(L13="Para Programar",G13>0),COUNTIFS($L$5:L13,"Para Programar",$G$5:G13,">0"),"") | W13: =IF(OR(B13="",C13=""),"",B13&"|"&C13) -> N1 - N2|05 Tendido de cañería - Relevamiento planialtimétrico | X13: 0
A14: AG-17 | B14: N1 - N2 | C14: 08 Prueba hidráulica - Preparación del sistema | D14: tramo | E14: 1 | F14: =IF(E14="","",MIN(E14,$X14+SUMIFS('05_Parte_Diario'!$H$5:$H$204,'05_Parte_Diario'!$D$5:$D$204,B14,'05_Parte_Diario'!$E$5:$E$204,C14))) -> 0 | G14: =IF(E14="","",MAX(E14-F14,0)) -> 1 | H14: =IFERROR(F14/E14,0) -> 0 | I14: =IF(OR(B14="",C14="",$V$1=""),"",MIN(E14,SUMIFS('03_Planificacion'!$G$99:$G$178,'03_Planificacion'!$E$99:$E$178,B14,'03_Planificacion'!$F$99:$F$178,C14,'03_Planificacion'!$D$99:$D$178,"<="&$V$1))) -> 0 | J14: =IFERROR(I14/E14,0) -> 0 | K14: =IF(OR(E14="",$V$1=""),"",H14-J14) -> 0 | L14: No iniciada | P14: =IF(A14="","",$V$1) -> 46287 | Q14: Pasaje N°13 | R14: 75 | S14: Red distribuidora | T14: =IF(A14="","",IF(AND(L14="Para Programar",G14=0),"INCONSISTENCIA - REVISAR MANUALMENTE: Para Programar sin saldo",IF(AND(L14="Terminada",G14>0),"INCONSISTENCIA - REVISAR MANUALMENTE: Terminada con saldo",""))) | U14: =IF(AND(L14="Para Programar",G14>0),COUNTIFS($L$5:L14,"Para Programar",$G$5:G14,">0"),"") | W14: =IF(OR(B14="",C14=""),"",B14&"|"&C14) -> N1 - N2|08 Prueba hidráulica - Preparación del sistema | X14: 0
A15: AG-18 | B15: N1 - N2 | C15: 08 Prueba hidráulica - Interna N° 1 | D15: tramo | E15: 1 | F15: =IF(E15="","",MIN(E15,$X15+SUMIFS('05_Parte_Diario'!$H$5:$H$204,'05_Parte_Diario'!$D$5:$D$204,B15,'05_Parte_Diario'!$E$5:$E$204,C15))) -> 0 | G15: =IF(E15="","",MAX(E15-F15,0)) -> 1 | H15: =IFERROR(F15/E15,0) -> 0 | I15: =IF(OR(B15="",C15="",$V$1=""),"",MIN(E15,SUMIFS('03_Planificacion'!$G$99:$G$178,'03_Planificacion'!$E$99:$E$178,B15,'03_Planificacion'!$F$99:$F$178,C15,'03_Planificacion'!$D$99:$D$178,"<="&$V$1))) -> 0 | J15: =IFERROR(I15/E15,0) -> 0 | K15: =IF(OR(E15="",$V$1=""),"",H15-J15) -> 0 | L15: No iniciada | P15: =IF(A15="","",$V$1) -> 46287 | Q15: Pasaje N°13 | R15: 75 | S15: Red distribuidora | T15: =IF(A15="","",IF(AND(L15="Para Programar",G15=0),"INCONSISTENCIA - REVISAR MANUALMENTE: Para Programar sin saldo",IF(AND(L15="Terminada",G15>0),"INCONSISTENCIA - REVISAR MANUALMENTE: Terminada con saldo",""))) | U15: =IF(AND(L15="Para Programar",G15>0),COUNTIFS($L$5:L15,"Para Programar",$G$5:G15,">0"),"") | W15: =IF(OR(B15="",C15=""),"",B15&"|"&C15) -> N1 - N2|08 Prueba hidráulica - Interna N° 1 | X15: 0
A16: AG-19 | B16: N1 - N2 | C16: 08 Prueba hidráulica - Interna N° 2 | D16: tramo | E16: 1 | F16: =IF(E16="","",MIN(E16,$X16+SUMIFS('05_Parte_Diario'!$H$5:$H$204,'05_Parte_Diario'!$D$5:$D$204,B16,'05_Parte_Diario'!$E$5:$E$204,C16))) -> 0 | G16: =IF(E16="","",MAX(E16-F16,0)) -> 1 | H16: =IFERROR(F16/E16,0) -> 0 | I16: =IF(OR(B16="",C16="",$V$1=""),"",MIN(E16,SUMIFS('03_Planificacion'!$G$99:$G$178,'03_Planificacion'!$E$99:$E$178,B16,'03_Planificacion'!$F$99:$F$178,C16,'03_Planificacion'!$D$99:$D$178,"<="&$V$1))) -> 0 | J16: =IFERROR(I16/E16,0) -> 0 | K16: =IF(OR(E16="",$V$1=""),"",H16-J16) -> 0 | L16: No iniciada | P16: =IF(A16="","",$V$1) -> 46287 | Q16: Pasaje N°13 | R16: 75 | S16: Red distribuidora | T16: =IF(A16="","",IF(AND(L16="Para Programar",G16=0),"INCONSISTENCIA - REVISAR MANUALMENTE: Para Programar sin saldo",IF(AND(L16="Terminada",G16>0),"INCONSISTENCIA - REVISAR MANUALMENTE: Terminada con saldo",""))) | U16: =IF(AND(L16="Para Programar",G16>0),COUNTIFS($L$5:L16,"Para Programar",$G$5:G16,">0"),"") | W16: =IF(OR(B16="",C16=""),"",B16&"|"&C16) -> N1 - N2|08 Prueba hidráulica - Interna N° 2 | X16: 0
... A76: HI-06 | B76: N9 - N11 | C76: 11 Relleno -0,30 - Inspección laboratorio | D76: tramo | E76: 1 | F76: =IF(E76="","",MIN(E76,$X76+SUMIFS('05_Parte_Diario'!$H$5:$H$204,'05_Parte_Diario'!$D$5:$D$204,B76,'05_Parte_Diario'!$E$5:$E$204,C76))) -> 0 | G76: =IF(E76="","",MAX(E76-F76,0)) -> 1 | H76: =IFERROR(F76/E76,0) -> 0 | I76: =IF(OR(B76="",C76="",$V$1=""),"",MIN(E76,SUMIFS('03_Planificacion'!$G$99:$G$178,'03_Planificacion'!$E$99:$E$178,B76,'03_Planificacion'!$F$99:$F$178,C76,'03_Planificacion'!$D$99:$D$178,"<="&$V$1))) -> 0 | J76: =IFERROR(I76/E76,0) -> 0 | K76: =IF(OR(E76="",$V$1=""),"",H76-J76) -> 0 | L76: No iniciada | P76: =IF(A76="","",$V$1) -> 46287 | Q76: Pasaje N°9 | R76: 75 | S76: Red distribuidora | T76: =IF(A76="","",IF(AND(L76="Para Programar",G76=0),"INCONSISTENCIA - REVISAR MANUALMENTE: Para Programar sin saldo",IF(AND(L76="Terminada",G76>0),"INCONSISTENCIA - REVISAR MANUALMENTE: Terminada con saldo",""))) | U76: =IF(AND(L76="Para Programar",G76>0),COUNTIFS($L$5:L76,"Para Programar",$G$5:G76,">0"),"") | W76: =IF(OR(B76="",C76=""),"",B76&"|"&C76) -> N9 - N11|11 Relleno -0,30 - Inspección laboratorio | X76: 0
A77: AG-01 | B77: N10 - N15 | C77: 01 Replanteo - Marcación de tramo de cañería principal | D77: m | E77: 81 | F77: =IF(E77="","",MIN(E77,$X77+SUMIFS('05_Parte_Diario'!$H$5:$H$204,'05_Parte_Diario'!$D$5:$D$204,B77,'05_Parte_Diario'!$E$5:$E$204,C77))) -> 81 | G77: =IF(E77="","",MAX(E77-F77,0)) -> 0 | H77: =IFERROR(F77/E77,0) -> 1 | I77: =IF(OR(B77="",C77="",$V$1=""),"",MIN(E77,SUMIFS('03_Planificacion'!$G$99:$G$178,'03_Planificacion'!$E$99:$E$178,B77,'03_Planificacion'!$F$99:$F$178,C77,'03_Planificacion'!$D$99:$D$178,"<="&$V$1))) -> 0 | J77: =IFERROR(I77/E77,0) -> 0 | K77: =IF(OR(E77="",$V$1=""),"",H77-J77) -> 1 | L77: Terminada | N77: Media | P77: =IF(A77="","",$V$1) -> 46287 | Q77: Pasaje N°2 | R77: 110 | S77: Red distribuidora | T77: =IF(A77="","",IF(AND(L77="Para Programar",G77=0),"INCONSISTENCIA - REVISAR MANUALMENTE: Para Programar sin saldo",IF(AND(L77="Terminada",G77>0),"INCONSISTENCIA - REVISAR MANUALMENTE: Terminada con saldo",""))) | U77: =IF(AND(L77="Para Programar",G77>0),COUNTIFS($L$5:L77,"Para Programar",$G$5:G77,">0"),"") | W77: =IF(OR(B77="",C77=""),"",B77&"|"&C77) -> N10 - N15|01 Replanteo - Marcación de tramo de cañería principal | X77: 81
A78: AG-03 | B78: N10 - N15 | C78: 02 Excavación - Zanja principal | D78: m | E78: 81 | F78: =IF(E78="","",MIN(E78,$X78+SUMIFS('05_Parte_Diario'!$H$5:$H$204,'05_Parte_Diario'!$D$5:$D$204,B78,'05_Parte_Diario'!$E$5:$E$204,C78))) -> 25 | G78: =IF(E78="","",MAX(E78-F78,0)) -> 56 | H78: =IFERROR(F78/E78,0) -> 0.30864198 | I78: =IF(OR(B78="",C78="",$V$1=""),"",MIN(E78,SUMIFS('03_Planificacion'!$G$99:$G$178,'03_Planificacion'!$E$99:$E$178,B78,'03_Planificacion'!$F$99:$F$178,C78,'03_Planificacion'!$D$99:$D$178,"<="&$V$1))) -> 0 | J78: =IFERROR(I78/E78,0) -> 0 | K78: =IF(OR(E78="",$V$1=""),"",H78-J78) -> 0.30864198 | L78: Terminada | P78: =IF(A78="","",$V$1) -> 46287 | Q78: Pasaje N°2 | R78: 110 | S78: Red distribuidora | T78: =IF(A78="","",IF(AND(L78="Para Programar",G78=0),"INCONSISTENCIA - REVISAR MANUALMENTE: Para Programar sin saldo",IF(AND(L78="Terminada",G78>0),"INCONSISTENCIA - REVISAR MANUALMENTE: Terminada con saldo",""))) -> INCONSISTENCIA - REVISAR MANUALMENTE: Terminada con saldo | U78: =IF(AND(L78="Para Programar",G78>0),COUNTIFS($L$5:L78,"Para Programar",$G$5:G78,">0"),"") | W78: =IF(OR(B78="",C78=""),"",B78&"|"&C78) -> N10 - N15|02 Excavación - Zanja principal | X78: 25
A79: AG-05 | B79: N10 - N15 | C79: 03 Base de asiento - Nivelación de fondo de zanja | D79: m | E79: 81 | F79: =IF(E79="","",MIN(E79,$X79+SUMIFS('05_Parte_Diario'!$H$5:$H$204,'05_Parte_Diario'!$D$5:$D$204,B79,'05_Parte_Diario'!$E$5:$E$204,C79))) -> 0 | G79: =IF(E79="","",MAX(E79-F79,0)) -> 81 | H79: =IFERROR(F79/E79,0) -> 0 | I79: =IF(OR(B79="",C79="",$V$1=""),"",MIN(E79,SUMIFS('03_Planificacion'!$G$99:$G$178,'03_Planificacion'!$E$99:$E$178,B79,'03_Planificacion'!$F$99:$F$178,C79,'03_Planificacion'!$D$99:$D$178,"<="&$V$1))) -> 0 | J79: =IFERROR(I79/E79,0) -> 0 | K79: =IF(OR(E79="",$V$1=""),"",H79-J79) -> 0 | L79: Para Programar | P79: =IF(A79="","",$V$1) -> 46287 | Q79: Pasaje N°2 | R79: 110 | S79: Red distribuidora | T79: =IF(A79="","",IF(AND(L79="Para Programar",G79=0),"INCONSISTENCIA - REVISAR MANUALMENTE: Para Programar sin saldo",IF(AND(L79="Terminada",G79>0),"INCONSISTENCIA - REVISAR MANUALMENTE: Terminada con saldo",""))) | U79: =IF(AND(L79="Para Programar",G79>0),COUNTIFS($L$5:L79,"Para Programar",$G$5:G79,">0"),"") -> 1 | W79: =IF(OR(B79="",C79=""),"",B79&"|"&C79) -> N10 - N15|03 Base de asiento - Nivelación de fondo de zanja | X79: 0
A80: AG-06 | B80: N10 - N15 | C80: 03 Base de asiento - Aporte de material base e=0,10 m | D80: m | E80: 81 | F80: =IF(E80="","",MIN(E80,$X80+SUMIFS('05_Parte_Diario'!$H$5:$H$204,'05_Parte_Diario'!$D$5:$D$204,B80,'05_Parte_Diario'!$E$5:$E$204,C80))) -> 0 | G80: =IF(E80="","",MAX(E80-F80,0)) -> 81 | H80: =IFERROR(F80/E80,0) -> 0 | I80: =IF(OR(B80="",C80="",$V$1=""),"",MIN(E80,SUMIFS('03_Planificacion'!$G$99:$G$178,'03_Planificacion'!$E$99:$E$178,B80,'03_Planificacion'!$F$99:$F$178,C80,'03_Planificacion'!$D$99:$D$178,"<="&$V$1))) -> 0 | J80: =IFERROR(I80/E80,0) -> 0 | K80: =IF(OR(E80="",$V$1=""),"",H80-J80) -> 0 | L80: Para Programar | P80: =IF(A80="","",$V$1) -> 46287 | Q80: Pasaje N°2 | R80: 110 | S80: Red distribuidora | T80: =IF(A80="","",IF(AND(L80="Para Programar",G80=0),"INCONSISTENCIA - REVISAR MANUALMENTE: Para Programar sin saldo",IF(AND(L80="Terminada",G80>0),"INCONSISTENCIA - REVISAR MANUALMENTE: Terminada con saldo",""))) | U80: =IF(AND(L80="Para Programar",G80>0),COUNTIFS($L$5:L80,"Para Programar",$G$5:G80,">0"),"") -> 2 | W80: =IF(OR(B80="",C80=""),"",B80&"|"&C80) -> N10 - N15|03 Base de asiento - Aporte de material base e=0,10 m | X80: 0
A81: AG-07 | B81: N10 - N15 | C81: 03 Base de asiento - Compactación | D81: m | E81: 81 | F81: =IF(E81="","",MIN(E81,$X81+SUMIFS('05_Parte_Diario'!$H$5:$H$204,'05_Parte_Diario'!$D$5:$D$204,B81,'05_Parte_Diario'!$E$5:$E$204,C81))) -> 0 | G81: =IF(E81="","",MAX(E81-F81,0)) -> 81 | H81: =IFERROR(F81/E81,0) -> 0 | I81: =IF(OR(B81="",C81="",$V$1=""),"",MIN(E81,SUMIFS('03_Planificacion'!$G$99:$G$178,'03_Planificacion'!$E$99:$E$178,B81,'03_Planificacion'!$F$99:$F$178,C81,'03_Planificacion'!$D$99:$D$178,"<="&$V$1))) -> 0 | J81: =IFERROR(I81/E81,0) -> 0 | K81: =IF(OR(E81="",$V$1=""),"",H81-J81) -> 0 | L81: Para Programar | N81: Alta | P81: =IF(A81="","",$V$1) -> 46287 | Q81: Pasaje N°2 | R81: 110 | S81: Red distribuidora | T81: =IF(A81="","",IF(AND(L81="Para Programar",G81=0),"INCONSISTENCIA - REVISAR MANUALMENTE: Para Programar sin saldo",IF(AND(L81="Terminada",G81>0),"INCONSISTENCIA - REVISAR MANUALMENTE: Terminada con saldo",""))) | U81: =IF(AND(L81="Para Programar",G81>0),COUNTIFS($L$5:L81,"Para Programar",$G$5:G81,">0"),"") -> 3 | W81: =IF(OR(B81="",C81=""),"",B81&"|"&C81) -> N10 - N15|03 Base de asiento - Compactación | X81: 0
A82: HI-01 | B82: N10 - N15 | C82: 04 Inspecciones previas - Laboratorio base de asiento | D82: tramo | E82: 1 | F82: =IF(E82="","",MIN(E82,$X82+SUMIFS('05_Parte_Diario'!$H$5:$H$204,'05_Parte_Diario'!$D$5:$D$204,B82,'05_Parte_Diario'!$E$5:$E$204,C82))) -> 0 | G82: =IF(E82="","",MAX(E82-F82,0)) -> 1 | H82: =IFERROR(F82/E82,0) -> 0 | I82: =IF(OR(B82="",C82="",$V$1=""),"",MIN(E82,SUMIFS('03_Planificacion'!$G$99:$G$178,'03_Planificacion'!$E$99:$E$178,B82,'03_Planificacion'!$F$99:$F$178,C82,'03_Planificacion'!$D$99:$D$178,"<="&$V$1))) -> 0 | J82: =IFERROR(I82/E82,0) -> 0 | K82: =IF(OR(E82="",$V$1=""),"",H82-J82) -> 0 | L82: No iniciada | P82: =IF(A82="","",$V$1) -> 46287 | Q82: Pasaje N°2 | R82: 110 | S82: Red distribuidora | T82: =IF(A82="","",IF(AND(L82="Para Programar",G82=0),"INCONSISTENCIA - REVISAR MANUALMENTE: Para Programar sin saldo",IF(AND(L82="Terminada",G82>0),"INCONSISTENCIA - REVISAR MANUALMENTE: Terminada con saldo",""))) | U82: =IF(AND(L82="Para Programar",G82>0),COUNTIFS($L$5:L82,"Para Programar",$G$5:G82,">0"),"") | W82: =IF(OR(B82="",C82=""),"",B82&"|"&C82) -> N10 - N15|04 Inspecciones previas - Laboratorio base de asiento | X82: 0
A83: HI-02 | B83: N10 - N15 | C83: 04 Inspecciones previas - Zanja y materiales | D83: tramo | E83: 1 | F83: =IF(E83="","",MIN(E83,$X83+SUMIFS('05_Parte_Diario'!$H$5:$H$204,'05_Parte_Diario'!$D$5:$D$204,B83,'05_Parte_Diario'!$E$5:$E$204,C83))) -> 0 | G83: =IF(E83="","",MAX(E83-F83,0)) -> 1 | H83: =IFERROR(F83/E83,0) -> 0 | I83: =IF(OR(B83="",C83="",$V$1=""),"",MIN(E83,SUMIFS('03_Planificacion'!$G$99:$G$178,'03_Planificacion'!$E$99:$E$178,B83,'03_Planificacion'!$F$99:$F$178,C83,'03_Planificacion'!$D$99:$D$178,"<="&$V$1))) -> 0 | J83: =IFERROR(I83/E83,0) -> 0 | K83: =IF(OR(E83="",$V$1=""),"",H83-J83) -> 0 | L83: No iniciada | P83: =IF(A83="","",$V$1) -> 46287 | Q83: Pasaje N°2 | R83: 110 | S83: Red distribuidora | T83: =IF(A83="","",IF(AND(L83="Para Programar",G83=0),"INCONSISTENCIA - REVISAR MANUALMENTE: Para Programar sin saldo",IF(AND(L83="Terminada",G83>0),"INCONSISTENCIA - REVISAR MANUALMENTE: Terminada con saldo",""))) | U83: =IF(AND(L83="Para Programar",G83>0),COUNTIFS($L$5:L83,"Para Programar",$G$5:G83,">0"),"") | W83: =IF(OR(B83="",C83=""),"",B83&"|"&C83) -> N10 - N15|04 Inspecciones previas - Zanja y materiales | X83: 0
A84: AG-08 | B84: N10 - N15 | C84: 05 Tendido de cañería - Cañería principal | D84: m | E84: 81 | F84: =IF(E84="","",MIN(E84,$X84+SUMIFS('05_Parte_Diario'!$H$5:$H$204,'05_Parte_Diario'!$D$5:$D$204,B84,'05_Parte_Diario'!$E$5:$E$204,C84))) -> 0 | G84: =IF(E84="","",MAX(E84-F84,0)) -> 81 | H84: =IFERROR(F84/E84,0) -> 0 | I84: =IF(OR(B84="",C84="",$V$1=""),"",MIN(E84,SUMIFS('03_Planificacion'!$G$99:$G$178,'03_Planificacion'!$E$99:$E$178,B84,'03_Planificacion'!$F$99:$F$178,C84,'03_Planificacion'!$D$99:$D$178,"<="&$V$1))) -> 0 | J84: =IFERROR(I84/E84,0) -> 0 | K84: =IF(OR(E84="",$V$1=""),"",H84-J84) -> 0 | L84: No iniciada | P84: =IF(A84="","",$V$1) -> 46287 | Q84: Pasaje N°2 | R84: 110 | S84: Red distribuidora | T84: =IF(A84="","",IF(AND(L84="Para Programar",G84=0),"INCONSISTENCIA - REVISAR MANUALMENTE: Para Programar sin saldo",IF(AND(L84="Terminada",G84>0),"INCONSISTENCIA - REVISAR MANUALMENTE: Terminada con saldo",""))) | U84: =IF(AND(L84="Para Programar",G84>0),COUNTIFS($L$5:L84,"Para Programar",$G$5:G84,">0"),"") | W84: =IF(OR(B84="",C84=""),"",B84&"|"&C84) -> N10 - N15|05 Tendido de cañería - Cañería principal | X84: 0
A85: AG-09 | B85: N10 - N15 | C85: 05 Tendido de cañería - Relevamiento planialtimétrico | D85: m | E85: 81 | F85: =IF(E85="","",MIN(E85,$X85+SUMIFS('05_Parte_Diario'!$H$5:$H$204,'05_Parte_Diario'!$D$5:$D$204,B85,'05_Parte_Diario'!$E$5:$E$204,C85))) -> 0 | G85: =IF(E85="","",MAX(E85-F85,0)) -> 81 | H85: =IFERROR(F85/E85,0) -> 0 | I85: =IF(OR(B85="",C85="",$V$1=""),"",MIN(E85,SUMIFS('03_Planificacion'!$G$99:$G$178,'03_Planificacion'!$E$99:$E$178,B85,'03_Planificacion'!$F$99:$F$178,C85,'03_Planificacion'!$D$99:$D$178,"<="&$V$1))) -> 0 | J85: =IFERROR(I85/E85,0) -> 0 | K85: =IF(OR(E85="",$V$1=""),"",H85-J85) -> 0 | L85: No iniciada | P85: =IF(A85="","",$V$1) -> 46287 | Q85: Pasaje N°2 | R85: 110 | S85: Red distribuidora | T85: =IF(A85="","",IF(AND(L85="Para Programar",G85=0),"INCONSISTENCIA - REVISAR MANUALMENTE: Para Programar sin saldo",IF(AND(L85="Terminada",G85>0),"INCONSISTENCIA - REVISAR MANUALMENTE: Terminada con saldo",""))) | U85: =IF(AND(L85="Para Programar",G85>0),COUNTIFS($L$5:L85,"Para Programar",$G$5:G85,">0"),"") | W85: =IF(OR(B85="",C85=""),"",B85&"|"&C85) -> N10 - N15|05 Tendido de cañería - Relevamiento planialtimétrico | X85: 0
A86: AG-17 | B86: N10 - N15 | C86: 08 Prueba hidráulica - Preparación del sistema | D86: tramo | E86: 1 | F86: =IF(E86="","",MIN(E86,$X86+SUMIFS('05_Parte_Diario'!$H$5:$H$204,'05_Parte_Diario'!$D$5:$D$204,B86,'05_Parte_Diario'!$E$5:$E$204,C86))) -> 0 | G86: =IF(E86="","",MAX(E86-F86,0)) -> 1 | H86: =IFERROR(F86/E86,0) -> 0 | I86: =IF(OR(B86="",C86="",$V$1=""),"",MIN(E86,SUMIFS('03_Planificacion'!$G$99:$G$178,'03_Planificacion'!$E$99:$E$178,B86,'03_Planificacion'!$F$99:$F$178,C86,'03_Planificacion'!$D$99:$D$178,"<="&$V$1))) -> 0 | J86: =IFERROR(I86/E86,0) -> 0 | K86: =IF(OR(E86="",$V$1=""),"",H86-J86) -> 0 | L86: No iniciada | P86: =IF(A86="","",$V$1) -> 46287 | Q86: Pasaje N°2 | R86: 110 | S86: Red distribuidora | T86: =IF(A86="","",IF(AND(L86="Para Programar",G86=0),"INCONSISTENCIA - REVISAR MANUALMENTE: Para Programar sin saldo",IF(AND(L86="Terminada",G86>0),"INCONSISTENCIA - REVISAR MANUALMENTE: Terminada con saldo",""))) | U86: =IF(AND(L86="Para Programar",G86>0),COUNTIFS($L$5:L86,"Para Programar",$G$5:G86,">0"),"") | W86: =IF(OR(B86="",C86=""),"",B86&"|"&C86) -> N10 - N15|08 Prueba hidráulica - Preparación del sistema | X86: 0
A87: AG-18 | B87: N10 - N15 | C87: 08 Prueba hidráulica - Interna N° 1 | D87: tramo | E87: 1 | F87: =IF(E87="","",MIN(E87,$X87+SUMIFS('05_Parte_Diario'!$H$5:$H$204,'05_Parte_Diario'!$D$5:$D$204,B87,'05_Parte_Diario'!$E$5:$E$204,C87))) -> 0 | G87: =IF(E87="","",MAX(E87-F87,0)) -> 1 | H87: =IFERROR(F87/E87,0) -> 0 | I87: =IF(OR(B87="",C87="",$V$1=""),"",MIN(E87,SUMIFS('03_Planificacion'!$G$99:$G$178,'03_Planificacion'!$E$99:$E$178,B87,'03_Planificacion'!$F$99:$F$178,C87,'03_Planificacion'!$D$99:$D$178,"<="&$V$1))) -> 0 | J87: =IFERROR(I87/E87,0) -> 0 | K87: =IF(OR(E87="",$V$1=""),"",H87-J87) -> 0 | L87: No iniciada | P87: =IF(A87="","",$V$1) -> 46287 | Q87: Pasaje N°2 | R87: 110 | S87: Red distribuidora | T87: =IF(A87="","",IF(AND(L87="Para Programar",G87=0),"INCONSISTENCIA - REVISAR MANUALMENTE: Para Programar sin saldo",IF(AND(L87="Terminada",G87>0),"INCONSISTENCIA - REVISAR MANUALMENTE: Terminada con saldo",""))) | U87: =IF(AND(L87="Para Programar",G87>0),COUNTIFS($L$5:L87,"Para Programar",$G$5:G87,">0"),"") | W87: =IF(OR(B87="",C87=""),"",B87&"|"&C87) -> N10 - N15|08 Prueba hidráulica - Interna N° 1 | X87: 0
A88: AG-19 | B88: N10 - N15 | C88: 08 Prueba hidráulica - Interna N° 2 | D88: tramo | E88: 1 | F88: =IF(E88="","",MIN(E88,$X88+SUMIFS('05_Parte_Diario'!$H$5:$H$204,'05_Parte_Diario'!$D$5:$D$204,B88,'05_Parte_Diario'!$E$5:$E$204,C88))) -> 0 | G88: =IF(E88="","",MAX(E88-F88,0)) -> 1 | H88: =IFERROR(F88/E88,0) -> 0 | I88: =IF(OR(B88="",C88="",$V$1=""),"",MIN(E88,SUMIFS('03_Planificacion'!$G$99:$G$178,'03_Planificacion'!$E$99:$E$178,B88,'03_Planificacion'!$F$99:$F$178,C88,'03_Planificacion'!$D$99:$D$178,"<="&$V$1))) -> 0 | J88: =IFERROR(I88/E88,0) -> 0 | K88: =IF(OR(E88="",$V$1=""),"",H88-J88) -> 0 | L88: No iniciada | P88: =IF(A88="","",$V$1) -> 46287 | Q88: Pasaje N°2 | R88: 110 | S88: Red distribuidora | T88: =IF(A88="","",IF(AND(L88="Para Programar",G88=0),"INCONSISTENCIA - REVISAR MANUALMENTE: Para Programar sin saldo",IF(AND(L88="Terminada",G88>0),"INCONSISTENCIA - REVISAR MANUALMENTE: Terminada con saldo",""))) | U88: =IF(AND(L88="Para Programar",G88>0),COUNTIFS($L$5:L88,"Para Programar",$G$5:G88,">0"),"") | W88: =IF(OR(B88="",C88=""),"",B88&"|"&C88) -> N10 - N15|08 Prueba hidráulica - Interna N° 2 | X88: 0
A89: HI-03 | B89: N10 - N15 | C89: 08 Prueba hidráulica - Primera prueba oficial | D89: tramo | E89: 1 | F89: =IF(E89="","",MIN(E89,$X89+SUMIFS('05_Parte_Diario'!$H$5:$H$204,'05_Parte_Diario'!$D$5:$D$204,B89,'05_Parte_Diario'!$E$5:$E$204,C89))) -> 0 | G89: =IF(E89="","",MAX(E89-F89,0)) -> 1 | H89: =IFERROR(F89/E89,0) -> 0 | I89: =IF(OR(B89="",C89="",$V$1=""),"",MIN(E89,SUMIFS('03_Planificacion'!$G$99:$G$178,'03_Planificacion'!$E$99:$E$178,B89,'03_Planificacion'!$F$99:$F$178,C89,'03_Planificacion'!$D$99:$D$178,"<="&$V$1))) -> 0 | J89: =IFERROR(I89/E89,0) -> 0 | K89: =IF(OR(E89="",$V$1=""),"",H89-J89) -> 0 | L89: No iniciada | P89: =IF(A89="","",$V$1) -> 46287 | Q89: Pasaje N°2 | R89: 110 | S89: Red distribuidora | T89: =IF(A89="","",IF(AND(L89="Para Programar",G89=0),"INCONSISTENCIA - REVISAR MANUALMENTE: Para Programar sin saldo",IF(AND(L89="Terminada",G89>0),"INCONSISTENCIA - REVISAR MANUALMENTE: Terminada con saldo",""))) | U89: =IF(AND(L89="Para Programar",G89>0),COUNTIFS($L$5:L89,"Para Programar",$G$5:G89,">0"),"") | W89: =IF(OR(B89="",C89=""),"",B89&"|"&C89) -> N10 - N15|08 Prueba hidráulica - Primera prueba oficial | X89: 0
A90: AG-20 | B90: N10 - N15 | C90: 09 Paquete estructural - Aporte e=0,30 m | D90: m | E90: 81 | F90: =IF(E90="","",MIN(E90,$X90+SUMIFS('05_Parte_Diario'!$H$5:$H$204,'05_Parte_Diario'!$D$5:$D$204,B90,'05_Parte_Diario'!$E$5:$E$204,C90))) -> 0 | G90: =IF(E90="","",MAX(E90-F90,0)) -> 81 | H90: =IFERROR(F90/E90,0) -> 0 | I90: =IF(OR(B90="",C90="",$V$1=""),"",MIN(E90,SUMIFS('03_Planificacion'!$G$99:$G$178,'03_Planificacion'!$E$99:$E$178,B90,'03_Planificacion'!$F$99:$F$178,C90,'03_Planificacion'!$D$99:$D$178,"<="&$V$1))) -> 0 | J90: =IFERROR(I90/E90,0) -> 0 | K90: =IF(OR(E90="",$V$1=""),"",H90-J90) -> 0 | L90: No iniciada | P90: =IF(A90="","",$V$1) -> 46287 | Q90: Pasaje N°2 | R90: 110 | S90: Red distribuidora | T90: =IF(A90="","",IF(AND(L90="Para Programar",G90=0),"INCONSISTENCIA - REVISAR MANUALMENTE: Para Programar sin saldo",IF(AND(L90="Terminada",G90>0),"INCONSISTENCIA - REVISAR MANUALMENTE: Terminada con saldo",""))) | U90: =IF(AND(L90="Para Programar",G90>0),COUNTIFS($L$5:L90,"Para Programar",$G$5:G90,">0"),"") | W90: =IF(OR(B90="",C90=""),"",B90&"|"&C90) -> N10 - N15|09 Paquete estructural - Aporte e=0,30 m | X90: 0
A91: AG-21 | B91: N10 - N15 | C91: 09 Paquete estructural - Compactación | D91: m | E91: 81 | F91: =IF(E91="","",MIN(E91,$X91+SUMIFS('05_Parte_Diario'!$H$5:$H$204,'05_Parte_Diario'!$D$5:$D$204,B91,'05_Parte_Diario'!$E$5:$E$204,C91))) -> 0 | G91: =IF(E91="","",MAX(E91-F91,0)) -> 81 | H91: =IFERROR(F91/E91,0) -> 0 | I91: =IF(OR(B91="",C91="",$V$1=""),"",MIN(E91,SUMIFS('03_Planificacion'!$G$99:$G$178,'03_Planificacion'!$E$99:$E$178,B91,'03_Planificacion'!$F$99:$F$178,C91,'03_Planificacion'!$D$99:$D$178,"<="&$V$1))) -> 0 | J91: =IFERROR(I91/E91,0) -> 0 | K91: =IF(OR(E91="",$V$1=""),"",H91-J91) -> 0 | L91: No iniciada | P91: =IF(A91="","",$V$1) -> 46287 | Q91: Pasaje N°2 | R91: 110 | S91: Red distribuidora | T91: =IF(A91="","",IF(AND(L91="Para Programar",G91=0),"INCONSISTENCIA - REVISAR MANUALMENTE: Para Programar sin saldo",IF(AND(L91="Terminada",G91>0),"INCONSISTENCIA - REVISAR MANUALMENTE: Terminada con saldo",""))) | U91: =IF(AND(L91="Para Programar",G91>0),COUNTIFS($L$5:L91,"Para Programar",$G$5:G91,">0"),"") | W91: =IF(OR(B91="",C91=""),"",B91&"|"&C91) -> N10 - N15|09 Paquete estructural - Compactación | X91: 0
A92: HI-04 | B92: N10 - N15 | C92: 09 Paquete estructural - Inspección laboratorio | D92: tramo | E92: 1 | F92: =IF(E92="","",MIN(E92,$X92+SUMIFS('05_Parte_Diario'!$H$5:$H$204,'05_Parte_Diario'!$D$5:$D$204,B92,'05_Parte_Diario'!$E$5:$E$204,C92))) -> 0 | G92: =IF(E92="","",MAX(E92-F92,0)) -> 1 | H92: =IFERROR(F92/E92,0) -> 0 | I92: =IF(OR(B92="",C92="",$V$1=""),"",MIN(E92,SUMIFS('03_Planificacion'!$G$99:$G$178,'03_Planificacion'!$E$99:$E$178,B92,'03_Planificacion'!$F$99:$F$178,C92,'03_Planificacion'!$D$99:$D$178,"<="&$V$1))) -> 0 | J92: =IFERROR(I92/E92,0) -> 0 | K92: =IF(OR(E92="",$V$1=""),"",H92-J92) -> 0 | L92: No iniciada | P92: =IF(A92="","",$V$1) -> 46287 | Q92: Pasaje N°2 | R92: 110 | S92: Red distribuidora | T92: =IF(A92="","",IF(AND(L92="Para Programar",G92=0),"INCONSISTENCIA - REVISAR MANUALMENTE: Para Programar sin saldo",IF(AND(L92="Terminada",G92>0),"INCONSISTENCIA - REVISAR MANUALMENTE: Terminada con saldo",""))) | U92: =IF(AND(L92="Para Programar",G92>0),COUNTIFS($L$5:L92,"Para Programar",$G$5:G92,">0"),"") | W92: =IF(OR(B92="",C92=""),"",B92&"|"&C92) -> N10 - N15|09 Paquete estructural - Inspección laboratorio | X92: 0
A93: AG-22 | B93: N10 - N15 | C93: 10 Relleno -0,60 - Conformación de capa | D93: m | E93: 81 | F93: =IF(E93="","",MIN(E93,$X93+SUMIFS('05_Parte_Diario'!$H$5:$H$204,'05_Parte_Diario'!$D$5:$D$204,B93,'05_Parte_Diario'!$E$5:$E$204,C93))) -> 0 | G93: =IF(E93="","",MAX(E93-F93,0)) -> 81 | H93: =IFERROR(F93/E93,0) -> 0 | I93: =IF(OR(B93="",C93="",$V$1=""),"",MIN(E93,SUMIFS('03_Planificacion'!$G$99:$G$178,'03_Planificacion'!$E$99:$E$178,B93,'03_Planificacion'!$F$99:$F$178,C93,'03_Planificacion'!$D$99:$D$178,"<="&$V$1))) -> 0 | J93: =IFERROR(I93/E93,0) -> 0 | K93: =IF(OR(E93="",$V$1=""),"",H93-J93) -> 0 | L93: No iniciada | P93: =IF(A93="","",$V$1) -> 46287 | Q93: Pasaje N°2 | R93: 110 | S93: Red distribuidora | T93: =IF(A93="","",IF(AND(L93="Para Programar",G93=0),"INCONSISTENCIA - REVISAR MANUALMENTE: Para Programar sin saldo",IF(AND(L93="Terminada",G93>0),"INCONSISTENCIA - REVISAR MANUALMENTE: Terminada con saldo",""))) | U93: =IF(AND(L93="Para Programar",G93>0),COUNTIFS($L$5:L93,"Para Programar",$G$5:G93,">0"),"") | W93: =IF(OR(B93="",C93=""),"",B93&"|"&C93) -> N10 - N15|10 Relleno -0,60 - Conformación de capa | X93: 0
... A152: AG-06 | B152: N12 - N13 | C152: 03 Base de asiento - Aporte de material base e=0,10 m | D152: m | E152: 200 | F152: =IF(E152="","",MIN(E152,$X152+SUMIFS('05_Parte_Diario'!$H$5:$H$204,'05_Parte_Diario'!$D$5:$D$204,B152,'05_Parte_Diario'!$E$5:$E$204,C152))) -> 200 | G152: =IF(E152="","",MAX(E152-F152,0)) -> 0 | H152: =IFERROR(F152/E152,0) -> 1 | I152: =IF(OR(B152="",C152="",$V$1=""),"",MIN(E152,SUMIFS('03_Planificacion'!$G$99:$G$178,'03_Planificacion'!$E$99:$E$178,B152,'03_Planificacion'!$F$99:$F$178,C152,'03_Planificacion'!$D$99:$D$178,"<="&$V$1))) -> 0 | J152: =IFERROR(I152/E152,0) -> 0 | K152: =IF(OR(E152="",$V$1=""),"",H152-J152) -> 1 | L152: Terminada | P152: =IF(A152="","",$V$1) -> 46287 | Q152: Pasaje N°9 | R152: 75 | S152: Red distribuidora | T152: =IF(A152="","",IF(AND(L152="Para Programar",G152=0),"INCONSISTENCIA - REVISAR MANUALMENTE: Para Programar sin saldo",IF(AND(L152="Terminada",G152>0),"INCONSISTENCIA - REVISAR MANUALMENTE: Terminada con saldo",""))) | U152: =IF(AND(L152="Para Programar",G152>0),COUNTIFS($L$5:L152,"Para Programar",$G$5:G152,">0"),"") | W152: =IF(OR(B152="",C152=""),"",B152&"|"&C152) -> N12 - N13|03 Base de asiento - Aporte de material base e=0,10 m | X152: 200
A153: AG-07 | B153: N12 - N13 | C153: 03 Base de asiento - Compactación | D153: m | E153: 200 | F153: =IF(E153="","",MIN(E153,$X153+SUMIFS('05_Parte_Diario'!$H$5:$H$204,'05_Parte_Diario'!$D$5:$D$204,B153,'05_Parte_Diario'!$E$5:$E$204,C153))) -> 0 | G153: =IF(E153="","",MAX(E153-F153,0)) -> 200 | H153: =IFERROR(F153/E153,0) -> 0 | I153: =IF(OR(B153="",C153="",$V$1=""),"",MIN(E153,SUMIFS('03_Planificacion'!$G$99:$G$178,'03_Planificacion'!$E$99:$E$178,B153,'03_Planificacion'!$F$99:$F$178,C153,'03_Planificacion'!$D$99:$D$178,"<="&$V$1))) -> 0 | J153: =IFERROR(I153/E153,0) -> 0 | K153: =IF(OR(E153="",$V$1=""),"",H153-J153) -> 0 | L153: Terminada | N153: Alta | P153: =IF(A153="","",$V$1) -> 46287 | Q153: Pasaje N°9 | R153: 75 | S153: Red distribuidora | T153: =IF(A153="","",IF(AND(L153="Para Programar",G153=0),"INCONSISTENCIA - REVISAR MANUALMENTE: Para Programar sin saldo",IF(AND(L153="Terminada",G153>0),"INCONSISTENCIA - REVISAR MANUALMENTE: Terminada con saldo",""))) -> INCONSISTENCIA - REVISAR MANUALMENTE: Terminada con saldo | U153: =IF(AND(L153="Para Programar",G153>0),COUNTIFS($L$5:L153,"Para Programar",$G$5:G153,">0"),"") | W153: =IF(OR(B153="",C153=""),"",B153&"|"&C153) -> N12 - N13|03 Base de asiento - Compactación | X153: 0
A154: HI-01 | B154: N12 - N13 | C154: 04 Inspecciones previas - Laboratorio base de asiento | D154: tramo | E154: 1 | F154: =IF(E154="","",MIN(E154,$X154+SUMIFS('05_Parte_Diario'!$H$5:$H$204,'05_Parte_Diario'!$D$5:$D$204,B154,'05_Parte_Diario'!$E$5:$E$204,C154))) -> 0 | G154: =IF(E154="","",MAX(E154-F154,0)) -> 1 | H154: =IFERROR(F154/E154,0) -> 0 | I154: =IF(OR(B154="",C154="",$V$1=""),"",MIN(E154,SUMIFS('03_Planificacion'!$G$99:$G$178,'03_Planificacion'!$E$99:$E$178,B154,'03_Planificacion'!$F$99:$F$178,C154,'03_Planificacion'!$D$99:$D$178,"<="&$V$1))) -> 0 | J154: =IFERROR(I154/E154,0) -> 0 | K154: =IF(OR(E154="",$V$1=""),"",H154-J154) -> 0 | L154: Terminada | P154: =IF(A154="","",$V$1) -> 46287 | Q154: Pasaje N°9 | R154: 75 | S154: Red distribuidora | T154: =IF(A154="","",IF(AND(L154="Para Programar",G154=0),"INCONSISTENCIA - REVISAR MANUALMENTE: Para Programar sin saldo",IF(AND(L154="Terminada",G154>0),"INCONSISTENCIA - REVISAR MANUALMENTE: Terminada con saldo",""))) -> INCONSISTENCIA - REVISAR MANUALMENTE: Terminada con saldo | U154: =IF(AND(L154="Para Programar",G154>0),COUNTIFS($L$5:L154,"Para Programar",$G$5:G154,">0"),"") | W154: =IF(OR(B154="",C154=""),"",B154&"|"&C154) -> N12 - N13|04 Inspecciones previas - Laboratorio base de asiento | X154: 0
A155: HI-02 | B155: N12 - N13 | C155: 04 Inspecciones previas - Zanja y materiales | D155: tramo | E155: 1 | F155: =IF(E155="","",MIN(E155,$X155+SUMIFS('05_Parte_Diario'!$H$5:$H$204,'05_Parte_Diario'!$D$5:$D$204,B155,'05_Parte_Diario'!$E$5:$E$204,C155))) -> 0 | G155: =IF(E155="","",MAX(E155-F155,0)) -> 1 | H155: =IFERROR(F155/E155,0) -> 0 | I155: =IF(OR(B155="",C155="",$V$1=""),"",MIN(E155,SUMIFS('03_Planificacion'!$G$99:$G$178,'03_Planificacion'!$E$99:$E$178,B155,'03_Planificacion'!$F$99:$F$178,C155,'03_Planificacion'!$D$99:$D$178,"<="&$V$1))) -> 0 | J155: =IFERROR(I155/E155,0) -> 0 | K155: =IF(OR(E155="",$V$1=""),"",H155-J155) -> 0 | L155: Terminada | P155: =IF(A155="","",$V$1) -> 46287 | Q155: Pasaje N°9 | R155: 75 | S155: Red distribuidora | T155: =IF(A155="","",IF(AND(L155="Para Programar",G155=0),"INCONSISTENCIA - REVISAR MANUALMENTE: Para Programar sin saldo",IF(AND(L155="Terminada",G155>0),"INCONSISTENCIA - REVISAR MANUALMENTE: Terminada con saldo",""))) -> INCONSISTENCIA - REVISAR MANUALMENTE: Terminada con saldo | U155: =IF(AND(L155="Para Programar",G155>0),COUNTIFS($L$5:L155,"Para Programar",$G$5:G155,">0"),"") | W155: =IF(OR(B155="",C155=""),"",B155&"|"&C155) -> N12 - N13|04 Inspecciones previas - Zanja y materiales | X155: 0
A156: AG-08 | B156: N12 - N13 | C156: 05 Tendido de cañería - Cañería principal | D156: m | E156: 200 | F156: =IF(E156="","",MIN(E156,$X156+SUMIFS('05_Parte_Diario'!$H$5:$H$204,'05_Parte_Diario'!$D$5:$D$204,B156,'05_Parte_Diario'!$E$5:$E$204,C156))) -> 0 | G156: =IF(E156="","",MAX(E156-F156,0)) -> 200 | H156: =IFERROR(F156/E156,0) -> 0 | I156: =IF(OR(B156="",C156="",$V$1=""),"",MIN(E156,SUMIFS('03_Planificacion'!$G$99:$G$178,'03_Planificacion'!$E$99:$E$178,B156,'03_Planificacion'!$F$99:$F$178,C156,'03_Planificacion'!$D$99:$D$178,"<="&$V$1))) -> 0 | J156: =IFERROR(I156/E156,0) -> 0 | K156: =IF(OR(E156="",$V$1=""),"",H156-J156) -> 0 | L156: Para Programar | P156: =IF(A156="","",$V$1) -> 46287 | Q156: Pasaje N°9 | R156: 75 | S156: Red distribuidora | T156: =IF(A156="","",IF(AND(L156="Para Programar",G156=0),"INCONSISTENCIA - REVISAR MANUALMENTE: Para Programar sin saldo",IF(AND(L156="Terminada",G156>0),"INCONSISTENCIA - REVISAR MANUALMENTE: Terminada con saldo",""))) | U156: =IF(AND(L156="Para Programar",G156>0),COUNTIFS($L$5:L156,"Para Programar",$G$5:G156,">0"),"") -> 4 | W156: =IF(OR(B156="",C156=""),"",B156&"|"&C156) -> N12 - N13|05 Tendido de cañería - Cañería principal | X156: 0
A157: AG-09 | B157: N12 - N13 | C157: 05 Tendido de cañería - Relevamiento planialtimétrico | D157: m | E157: 200 | F157: =IF(E157="","",MIN(E157,$X157+SUMIFS('05_Parte_Diario'!$H$5:$H$204,'05_Parte_Diario'!$D$5:$D$204,B157,'05_Parte_Diario'!$E$5:$E$204,C157))) -> 0 | G157: =IF(E157="","",MAX(E157-F157,0)) -> 200 | H157: =IFERROR(F157/E157,0) -> 0 | I157: =IF(OR(B157="",C157="",$V$1=""),"",MIN(E157,SUMIFS('03_Planificacion'!$G$99:$G$178,'03_Planificacion'!$E$99:$E$178,B157,'03_Planificacion'!$F$99:$F$178,C157,'03_Planificacion'!$D$99:$D$178,"<="&$V$1))) -> 0 | J157: =IFERROR(I157/E157,0) -> 0 | K157: =IF(OR(E157="",$V$1=""),"",H157-J157) -> 0 | L157: No iniciada | P157: =IF(A157="","",$V$1) -> 46287 | Q157: Pasaje N°9 | R157: 75 | S157: Red distribuidora | T157: =IF(A157="","",IF(AND(L157="Para Programar",G157=0),"INCONSISTENCIA - REVISAR MANUALMENTE: Para Programar sin saldo",IF(AND(L157="Terminada",G157>0),"INCONSISTENCIA - REVISAR MANUALMENTE: Terminada con saldo",""))) | U157: =IF(AND(L157="Para Programar",G157>0),COUNTIFS($L$5:L157,"Para Programar",$G$5:G157,">0"),"") | W157: =IF(OR(B157="",C157=""),"",B157&"|"&C157) -> N12 - N13|05 Tendido de cañería - Relevamiento planialtimétrico | X157: 0
A158: AG-17 | B158: N12 - N13 | C158: 08 Prueba hidráulica - Preparación del sistema | D158: tramo | E158: 1 | F158: =IF(E158="","",MIN(E158,$X158+SUMIFS('05_Parte_Diario'!$H$5:$H$204,'05_Parte_Diario'!$D$5:$D$204,B158,'05_Parte_Diario'!$E$5:$E$204,C158))) -> 0 | G158: =IF(E158="","",MAX(E158-F158,0)) -> 1 | H158: =IFERROR(F158/E158,0) -> 0 | I158: =IF(OR(B158="",C158="",$V$1=""),"",MIN(E158,SUMIFS('03_Planificacion'!$G$99:$G$178,'03_Planificacion'!$E$99:$E$178,B158,'03_Planificacion'!$F$99:$F$178,C158,'03_Planificacion'!$D$99:$D$178,"<="&$V$1))) -> 0 | J158: =IFERROR(I158/E158,0) -> 0 | K158: =IF(OR(E158="",$V$1=""),"",H158-J158) -> 0 | L158: No iniciada | P158: =IF(A158="","",$V$1) -> 46287 | Q158: Pasaje N°9 | R158: 75 | S158: Red distribuidora | T158: =IF(A158="","",IF(AND(L158="Para Programar",G158=0),"INCONSISTENCIA - REVISAR MANUALMENTE: Para Programar sin saldo",IF(AND(L158="Terminada",G158>0),"INCONSISTENCIA - REVISAR MANUALMENTE: Terminada con saldo",""))) | U158: =IF(AND(L158="Para Programar",G158>0),COUNTIFS($L$5:L158,"Para Programar",$G$5:G158,">0"),"") | W158: =IF(OR(B158="",C158=""),"",B158&"|"&C158) -> N12 - N13|08 Prueba hidráulica - Preparación del sistema | X158: 0
A159: AG-18 | B159: N12 - N13 | C159: 08 Prueba hidráulica - Interna N° 1 | D159: tramo | E159: 1 | F159: =IF(E159="","",MIN(E159,$X159+SUMIFS('05_Parte_Diario'!$H$5:$H$204,'05_Parte_Diario'!$D$5:$D$204,B159,'05_Parte_Diario'!$E$5:$E$204,C159))) -> 0 | G159: =IF(E159="","",MAX(E159-F159,0)) -> 1 | H159: =IFERROR(F159/E159,0) -> 0 | I159: =IF(OR(B159="",C159="",$V$1=""),"",MIN(E159,SUMIFS('03_Planificacion'!$G$99:$G$178,'03_Planificacion'!$E$99:$E$178,B159,'03_Planificacion'!$F$99:$F$178,C159,'03_Planificacion'!$D$99:$D$178,"<="&$V$1))) -> 0 | J159: =IFERROR(I159/E159,0) -> 0 | K159: =IF(OR(E159="",$V$1=""),"",H159-J159) -> 0 | L159: No iniciada | P159: =IF(A159="","",$V$1) -> 46287 | Q159: Pasaje N°9 | R159: 75 | S159: Red distribuidora | T159: =IF(A159="","",IF(AND(L159="Para Programar",G159=0),"INCONSISTENCIA - REVISAR MANUALMENTE: Para Programar sin saldo",IF(AND(L159="Terminada",G159>0),"INCONSISTENCIA - REVISAR MANUALMENTE: Terminada con saldo",""))) | U159: =IF(AND(L159="Para Programar",G159>0),COUNTIFS($L$5:L159,"Para Programar",$G$5:G159,">0"),"") | W159: =IF(OR(B159="",C159=""),"",B159&"|"&C159) -> N12 - N13|08 Prueba hidráulica - Interna N° 1 | X159: 0
A160: AG-19 | B160: N12 - N13 | C160: 08 Prueba hidráulica - Interna N° 2 | D160: tramo | E160: 1 | F160: =IF(E160="","",MIN(E160,$X160+SUMIFS('05_Parte_Diario'!$H$5:$H$204,'05_Parte_Diario'!$D$5:$D$204,B160,'05_Parte_Diario'!$E$5:$E$204,C160))) -> 0 | G160: =IF(E160="","",MAX(E160-F160,0)) -> 1 | H160: =IFERROR(F160/E160,0) -> 0 | I160: =IF(OR(B160="",C160="",$V$1=""),"",MIN(E160,SUMIFS('03_Planificacion'!$G$99:$G$178,'03_Planificacion'!$E$99:$E$178,B160,'03_Planificacion'!$F$99:$F$178,C160,'03_Planificacion'!$D$99:$D$178,"<="&$V$1))) -> 0 | J160: =IFERROR(I160/E160,0) -> 0 | K160: =IF(OR(E160="",$V$1=""),"",H160-J160) -> 0 | L160: No iniciada | P160: =IF(A160="","",$V$1) -> 46287 | Q160: Pasaje N°9 | R160: 75 | S160: Red distribuidora | T160: =IF(A160="","",IF(AND(L160="Para Programar",G160=0),"INCONSISTENCIA - REVISAR MANUALMENTE: Para Programar sin saldo",IF(AND(L160="Terminada",G160>0),"INCONSISTENCIA - REVISAR MANUALMENTE: Terminada con saldo",""))) | U160: =IF(AND(L160="Para Programar",G160>0),COUNTIFS($L$5:L160,"Para Programar",$G$5:G160,">0"),"") | W160: =IF(OR(B160="",C160=""),"",B160&"|"&C160) -> N12 - N13|08 Prueba hidráulica - Interna N° 2 | X160: 0
A161: HI-03 | B161: N12 - N13 | C161: 08 Prueba hidráulica - Primera prueba oficial | D161: tramo | E161: 1 | F161: =IF(E161="","",MIN(E161,$X161+SUMIFS('05_Parte_Diario'!$H$5:$H$204,'05_Parte_Diario'!$D$5:$D$204,B161,'05_Parte_Diario'!$E$5:$E$204,C161))) -> 0 | G161: =IF(E161="","",MAX(E161-F161,0)) -> 1 | H161: =IFERROR(F161/E161,0) -> 0 | I161: =IF(OR(B161="",C161="",$V$1=""),"",MIN(E161,SUMIFS('03_Planificacion'!$G$99:$G$178,'03_Planificacion'!$E$99:$E$178,B161,'03_Planificacion'!$F$99:$F$178,C161,'03_Planificacion'!$D$99:$D$178,"<="&$V$1))) -> 0 | J161: =IFERROR(I161/E161,0) -> 0 | K161: =IF(OR(E161="",$V$1=""),"",H161-J161) -> 0 | L161: No iniciada | P161: =IF(A161="","",$V$1) -> 46287 | Q161: Pasaje N°9 | R161: 75 | S161: Red distribuidora | T161: =IF(A161="","",IF(AND(L161="Para Programar",G161=0),"INCONSISTENCIA - REVISAR MANUALMENTE: Para Programar sin saldo",IF(AND(L161="Terminada",G161>0),"INCONSISTENCIA - REVISAR MANUALMENTE: Terminada con saldo",""))) | U161: =IF(AND(L161="Para Programar",G161>0),COUNTIFS($L$5:L161,"Para Programar",$G$5:G161,">0"),"") | W161: =IF(OR(B161="",C161=""),"",B161&"|"&C161) -> N12 - N13|08 Prueba hidráulica - Primera prueba oficial | X161: 0
A162: AG-20 | B162: N12 - N13 | C162: 09 Paquete estructural - Aporte e=0,30 m | D162: m | E162: 200 | F162: =IF(E162="","",MIN(E162,$X162+SUMIFS('05_Parte_Diario'!$H$5:$H$204,'05_Parte_Diario'!$D$5:$D$204,B162,'05_Parte_Diario'!$E$5:$E$204,C162))) -> 0 | G162: =IF(E162="","",MAX(E162-F162,0)) -> 200 | H162: =IFERROR(F162/E162,0) -> 0 | I162: =IF(OR(B162="",C162="",$V$1=""),"",MIN(E162,SUMIFS('03_Planificacion'!$G$99:$G$178,'03_Planificacion'!$E$99:$E$178,B162,'03_Planificacion'!$F$99:$F$178,C162,'03_Planificacion'!$D$99:$D$178,"<="&$V$1))) -> 0 | J162: =IFERROR(I162/E162,0) -> 0 | K162: =IF(OR(E162="",$V$1=""),"",H162-J162) -> 0 | L162: No iniciada | P162: =IF(A162="","",$V$1) -> 46287 | Q162: Pasaje N°9 | R162: 75 | S162: Red distribuidora | T162: =IF(A162="","",IF(AND(L162="Para Programar",G162=0),"INCONSISTENCIA - REVISAR MANUALMENTE: Para Programar sin saldo",IF(AND(L162="Terminada",G162>0),"INCONSISTENCIA - REVISAR MANUALMENTE: Terminada con saldo",""))) | U162: =IF(AND(L162="Para Programar",G162>0),COUNTIFS($L$5:L162,"Para Programar",$G$5:G162,">0"),"") | W162: =IF(OR(B162="",C162=""),"",B162&"|"&C162) -> N12 - N13|09 Paquete estructural - Aporte e=0,30 m | X162: 0
A163: AG-21 | B163: N12 - N13 | C163: 09 Paquete estructural - Compactación | D163: m | E163: 200 | F163: =IF(E163="","",MIN(E163,$X163+SUMIFS('05_Parte_Diario'!$H$5:$H$204,'05_Parte_Diario'!$D$5:$D$204,B163,'05_Parte_Diario'!$E$5:$E$204,C163))) -> 0 | G163: =IF(E163="","",MAX(E163-F163,0)) -> 200 | H163: =IFERROR(F163/E163,0) -> 0 | I163: =IF(OR(B163="",C163="",$V$1=""),"",MIN(E163,SUMIFS('03_Planificacion'!$G$99:$G$178,'03_Planificacion'!$E$99:$E$178,B163,'03_Planificacion'!$F$99:$F$178,C163,'03_Planificacion'!$D$99:$D$178,"<="&$V$1))) -> 0 | J163: =IFERROR(I163/E163,0) -> 0 | K163: =IF(OR(E163="",$V$1=""),"",H163-J163) -> 0 | L163: No iniciada | P163: =IF(A163="","",$V$1) -> 46287 | Q163: Pasaje N°9 | R163: 75 | S163: Red distribuidora | T163: =IF(A163="","",IF(AND(L163="Para Programar",G163=0),"INCONSISTENCIA - REVISAR MANUALMENTE: Para Programar sin saldo",IF(AND(L163="Terminada",G163>0),"INCONSISTENCIA - REVISAR MANUALMENTE: Terminada con saldo",""))) | U163: =IF(AND(L163="Para Programar",G163>0),COUNTIFS($L$5:L163,"Para Programar",$G$5:G163,">0"),"") | W163: =IF(OR(B163="",C163=""),"",B163&"|"&C163) -> N12 - N13|09 Paquete estructural - Compactación | X163: 0
A164: HI-04 | B164: N12 - N13 | C164: 09 Paquete estructural - Inspección laboratorio | D164: tramo | E164: 1 | F164: =IF(E164="","",MIN(E164,$X164+SUMIFS('05_Parte_Diario'!$H$5:$H$204,'05_Parte_Diario'!$D$5:$D$204,B164,'05_Parte_Diario'!$E$5:$E$204,C164))) -> 0 | G164: =IF(E164="","",MAX(E164-F164,0)) -> 1 | H164: =IFERROR(F164/E164,0) -> 0 | I164: =IF(OR(B164="",C164="",$V$1=""),"",MIN(E164,SUMIFS('03_Planificacion'!$G$99:$G$178,'03_Planificacion'!$E$99:$E$178,B164,'03_Planificacion'!$F$99:$F$178,C164,'03_Planificacion'!$D$99:$D$178,"<="&$V$1))) -> 0 | J164: =IFERROR(I164/E164,0) -> 0 | K164: =IF(OR(E164="",$V$1=""),"",H164-J164) -> 0 | L164: No iniciada | P164: =IF(A164="","",$V$1) -> 46287 | Q164: Pasaje N°9 | R164: 75 | S164: Red distribuidora | T164: =IF(A164="","",IF(AND(L164="Para Programar",G164=0),"INCONSISTENCIA - REVISAR MANUALMENTE: Para Programar sin saldo",IF(AND(L164="Terminada",G164>0),"INCONSISTENCIA - REVISAR MANUALMENTE: Terminada con saldo",""))) | U164: =IF(AND(L164="Para Programar",G164>0),COUNTIFS($L$5:L164,"Para Programar",$G$5:G164,">0"),"") | W164: =IF(OR(B164="",C164=""),"",B164&"|"&C164) -> N12 - N13|09 Paquete estructural - Inspección laboratorio | X164: 0
A165: AG-22 | B165: N12 - N13 | C165: 10 Relleno -0,60 - Conformación de capa | D165: m | E165: 200 | F165: =IF(E165="","",MIN(E165,$X165+SUMIFS('05_Parte_Diario'!$H$5:$H$204,'05_Parte_Diario'!$D$5:$D$204,B165,'05_Parte_Diario'!$E$5:$E$204,C165))) -> 0 | G165: =IF(E165="","",MAX(E165-F165,0)) -> 200 | H165: =IFERROR(F165/E165,0) -> 0 | I165: =IF(OR(B165="",C165="",$V$1=""),"",MIN(E165,SUMIFS('03_Planificacion'!$G$99:$G$178,'03_Planificacion'!$E$99:$E$178,B165,'03_Planificacion'!$F$99:$F$178,C165,'03_Planificacion'!$D$99:$D$178,"<="&$V$1))) -> 0 | J165: =IFERROR(I165/E165,0) -> 0 | K165: =IF(OR(E165="",$V$1=""),"",H165-J165) -> 0 | L165: No iniciada | P165: =IF(A165="","",$V$1) -> 46287 | Q165: Pasaje N°9 | R165: 75 | S165: Red distribuidora | T165: =IF(A165="","",IF(AND(L165="Para Programar",G165=0),"INCONSISTENCIA - REVISAR MANUALMENTE: Para Programar sin saldo",IF(AND(L165="Terminada",G165>0),"INCONSISTENCIA - REVISAR MANUALMENTE: Terminada con saldo",""))) | U165: =IF(AND(L165="Para Programar",G165>0),COUNTIFS($L$5:L165,"Para Programar",$G$5:G165,">0"),"") | W165: =IF(OR(B165="",C165=""),"",B165&"|"&C165) -> N12 - N13|10 Relleno -0,60 - Conformación de capa | X165: 0
... A174: AG-03 | B174: N12 - N20 | C174: 02 Excavación - Zanja principal | D174: m | E174: 98 | F174: =IF(E174="","",MIN(E174,$X174+SUMIFS('05_Parte_Diario'!$H$5:$H$204,'05_Parte_Diario'!$D$5:$D$204,B174,'05_Parte_Diario'!$E$5:$E$204,C174))) -> 98 | G174: =IF(E174="","",MAX(E174-F174,0)) -> 0 | H174: =IFERROR(F174/E174,0) -> 1 | I174: =IF(OR(B174="",C174="",$V$1=""),"",MIN(E174,SUMIFS('03_Planificacion'!$G$99:$G$178,'03_Planificacion'!$E$99:$E$178,B174,'03_Planificacion'!$F$99:$F$178,C174,'03_Planificacion'!$D$99:$D$178,"<="&$V$1))) -> 0 | J174: =IFERROR(I174/E174,0) -> 0 | K174: =IF(OR(E174="",$V$1=""),"",H174-J174) -> 1 | L174: Terminada | P174: =IF(A174="","",$V$1) -> 46287 | Q174: Pasaje N°5 | R174: 75 | S174: Red distribuidora | T174: =IF(A174="","",IF(AND(L174="Para Programar",G174=0),"INCONSISTENCIA - REVISAR MANUALMENTE: Para Programar sin saldo",IF(AND(L174="Terminada",G174>0),"INCONSISTENCIA - REVISAR MANUALMENTE: Terminada con saldo",""))) | U174: =IF(AND(L174="Para Programar",G174>0),COUNTIFS($L$5:L174,"Para Programar",$G$5:G174,">0"),"") | W174: =IF(OR(B174="",C174=""),"",B174&"|"&C174) -> N12 - N20|02 Excavación - Zanja principal | X174: 98
A175: AG-05 | B175: N12 - N20 | C175: 03 Base de asiento - Nivelación de fondo de zanja | D175: m | E175: 98 | F175: =IF(E175="","",MIN(E175,$X175+SUMIFS('05_Parte_Diario'!$H$5:$H$204,'05_Parte_Diario'!$D$5:$D$204,B175,'05_Parte_Diario'!$E$5:$E$204,C175))) -> 98 | G175: =IF(E175="","",MAX(E175-F175,0)) -> 0 | H175: =IFERROR(F175/E175,0) -> 1 | I175: =IF(OR(B175="",C175="",$V$1=""),"",MIN(E175,SUMIFS('03_Planificacion'!$G$99:$G$178,'03_Planificacion'!$E$99:$E$178,B175,'03_Planificacion'!$F$99:$F$178,C175,'03_Planificacion'!$D$99:$D$178,"<="&$V$1))) -> 0 | J175: =IFERROR(I175/E175,0) -> 0 | K175: =IF(OR(E175="",$V$1=""),"",H175-J175) -> 1 | L175: Terminada | M175: No esta pedido laboratorio / falta compactacion | P175: =IF(A175="","",$V$1) -> 46287 | Q175: Pasaje N°5 | R175: 75 | S175: Red distribuidora | T175: =IF(A175="","",IF(AND(L175="Para Programar",G175=0),"INCONSISTENCIA - REVISAR MANUALMENTE: Para Programar sin saldo",IF(AND(L175="Terminada",G175>0),"INCONSISTENCIA - REVISAR MANUALMENTE: Terminada con saldo",""))) | U175: =IF(AND(L175="Para Programar",G175>0),COUNTIFS($L$5:L175,"Para Programar",$G$5:G175,">0"),"") | W175: =IF(OR(B175="",C175=""),"",B175&"|"&C175) -> N12 - N20|03 Base de asiento - Nivelación de fondo de zanja | X175: 98
A176: AG-06 | B176: N12 - N20 | C176: 03 Base de asiento - Aporte de material base e=0,10 m | D176: m | E176: 98 | F176: =IF(E176="","",MIN(E176,$X176+SUMIFS('05_Parte_Diario'!$H$5:$H$204,'05_Parte_Diario'!$D$5:$D$204,B176,'05_Parte_Diario'!$E$5:$E$204,C176))) -> 98 | G176: =IF(E176="","",MAX(E176-F176,0)) -> 0 | H176: =IFERROR(F176/E176,0) -> 1 | I176: =IF(OR(B176="",C176="",$V$1=""),"",MIN(E176,SUMIFS('03_Planificacion'!$G$99:$G$178,'03_Planificacion'!$E$99:$E$178,B176,'03_Planificacion'!$F$99:$F$178,C176,'03_Planificacion'!$D$99:$D$178,"<="&$V$1))) -> 0 | J176: =IFERROR(I176/E176,0) -> 0 | K176: =IF(OR(E176="",$V$1=""),"",H176-J176) -> 1 | L176: Terminada | P176: =IF(A176="","",$V$1) -> 46287 | Q176: Pasaje N°5 | R176: 75 | S176: Red distribuidora | T176: =IF(A176="","",IF(AND(L176="Para Programar",G176=0),"INCONSISTENCIA - REVISAR MANUALMENTE: Para Programar sin saldo",IF(AND(L176="Terminada",G176>0),"INCONSISTENCIA - REVISAR MANUALMENTE: Terminada con saldo",""))) | U176: =IF(AND(L176="Para Programar",G176>0),COUNTIFS($L$5:L176,"Para Programar",$G$5:G176,">0"),"") | W176: =IF(OR(B176="",C176=""),"",B176&"|"&C176) -> N12 - N20|03 Base de asiento - Aporte de material base e=0,10 m | X176: 98
A177: AG-07 | B177: N12 - N20 | C177: 03 Base de asiento - Compactación | D177: m | E177: 98 | F177: =IF(E177="","",MIN(E177,$X177+SUMIFS('05_Parte_Diario'!$H$5:$H$204,'05_Parte_Diario'!$D$5:$D$204,B177,'05_Parte_Diario'!$E$5:$E$204,C177))) -> 0 | G177: =IF(E177="","",MAX(E177-F177,0)) -> 98 | H177: =IFERROR(F177/E177,0) -> 0 | I177: =IF(OR(B177="",C177="",$V$1=""),"",MIN(E177,SUMIFS('03_Planificacion'!$G$99:$G$178,'03_Planificacion'!$E$99:$E$178,B177,'03_Planificacion'!$F$99:$F$178,C177,'03_Planificacion'!$D$99:$D$178,"<="&$V$1))) -> 0 | J177: =IFERROR(I177/E177,0) -> 0 | K177: =IF(OR(E177="",$V$1=""),"",H177-J177) -> 0 | L177: Para Programar | P177: =IF(A177="","",$V$1) -> 46287 | Q177: Pasaje N°5 | R177: 75 | S177: Red distribuidora | T177: =IF(A177="","",IF(AND(L177="Para Programar",G177=0),"INCONSISTENCIA - REVISAR MANUALMENTE: Para Programar sin saldo",IF(AND(L177="Terminada",G177>0),"INCONSISTENCIA - REVISAR MANUALMENTE: Terminada con saldo",""))) | U177: =IF(AND(L177="Para Programar",G177>0),COUNTIFS($L$5:L177,"Para Programar",$G$5:G177,">0"),"") -> 5 | W177: =IF(OR(B177="",C177=""),"",B177&"|"&C177) -> N12 - N20|03 Base de asiento - Compactación | X177: 0
A178: HI-01 | B178: N12 - N20 | C178: 04 Inspecciones previas - Laboratorio base de asiento | D178: tramo | E178: 1 | F178: =IF(E178="","",MIN(E178,$X178+SUMIFS('05_Parte_Diario'!$H$5:$H$204,'05_Parte_Diario'!$D$5:$D$204,B178,'05_Parte_Diario'!$E$5:$E$204,C178))) -> 0 | G178: =IF(E178="","",MAX(E178-F178,0)) -> 1 | H178: =IFERROR(F178/E178,0) -> 0 | I178: =IF(OR(B178="",C178="",$V$1=""),"",MIN(E178,SUMIFS('03_Planificacion'!$G$99:$G$178,'03_Planificacion'!$E$99:$E$178,B178,'03_Planificacion'!$F$99:$F$178,C178,'03_Planificacion'!$D$99:$D$178,"<="&$V$1))) -> 0 | J178: =IFERROR(I178/E178,0) -> 0 | K178: =IF(OR(E178="",$V$1=""),"",H178-J178) -> 0 | L178: Para Programar | P178: =IF(A178="","",$V$1) -> 46287 | Q178: Pasaje N°5 | R178: 75 | S178: Red distribuidora | T178: =IF(A178="","",IF(AND(L178="Para Programar",G178=0),"INCONSISTENCIA - REVISAR MANUALMENTE: Para Programar sin saldo",IF(AND(L178="Terminada",G178>0),"INCONSISTENCIA - REVISAR MANUALMENTE: Terminada con saldo",""))) | U178: =IF(AND(L178="Para Programar",G178>0),COUNTIFS($L$5:L178,"Para Programar",$G$5:G178,">0"),"") -> 6 | W178: =IF(OR(B178="",C178=""),"",B178&"|"&C178) -> N12 - N20|04 Inspecciones previas - Laboratorio base de asiento | X178: 0
A179: HI-02 | B179: N12 - N20 | C179: 04 Inspecciones previas - Zanja y materiales | D179: tramo | E179: 1 | F179: =IF(E179="","",MIN(E179,$X179+SUMIFS('05_Parte_Diario'!$H$5:$H$204,'05_Parte_Diario'!$D$5:$D$204,B179,'05_Parte_Diario'!$E$5:$E$204,C179))) -> 0 | G179: =IF(E179="","",MAX(E179-F179,0)) -> 1 | H179: =IFERROR(F179/E179,0) -> 0 | I179: =IF(OR(B179="",C179="",$V$1=""),"",MIN(E179,SUMIFS('03_Planificacion'!$G$99:$G$178,'03_Planificacion'!$E$99:$E$178,B179,'03_Planificacion'!$F$99:$F$178,C179,'03_Planificacion'!$D$99:$D$178,"<="&$V$1))) -> 0 | J179: =IFERROR(I179/E179,0) -> 0 | K179: =IF(OR(E179="",$V$1=""),"",H179-J179) -> 0 | L179: Para Programar | P179: =IF(A179="","",$V$1) -> 46287 | Q179: Pasaje N°5 | R179: 75 | S179: Red distribuidora | T179: =IF(A179="","",IF(AND(L179="Para Programar",G179=0),"INCONSISTENCIA - REVISAR MANUALMENTE: Para Programar sin saldo",IF(AND(L179="Terminada",G179>0),"INCONSISTENCIA - REVISAR MANUALMENTE: Terminada con saldo",""))) | U179: =IF(AND(L179="Para Programar",G179>0),COUNTIFS($L$5:L179,"Para Programar",$G$5:G179,">0"),"") -> 7 | W179: =IF(OR(B179="",C179=""),"",B179&"|"&C179) -> N12 - N20|04 Inspecciones previas - Zanja y materiales | X179: 0
A180: AG-08 | B180: N12 - N20 | C180: 05 Tendido de cañería - Cañería principal | D180: m | E180: 98 | F180: =IF(E180="","",MIN(E180,$X180+SUMIFS('05_Parte_Diario'!$H$5:$H$204,'05_Parte_Diario'!$D$5:$D$204,B180,'05_Parte_Diario'!$E$5:$E$204,C180))) -> 0 | G180: =IF(E180="","",MAX(E180-F180,0)) -> 98 | H180: =IFERROR(F180/E180,0) -> 0 | I180: =IF(OR(B180="",C180="",$V$1=""),"",MIN(E180,SUMIFS('03_Planificacion'!$G$99:$G$178,'03_Planificacion'!$E$99:$E$178,B180,'03_Planificacion'!$F$99:$F$178,C180,'03_Planificacion'!$D$99:$D$178,"<="&$V$1))) -> 0 | J180: =IFERROR(I180/E180,0) -> 0 | K180: =IF(OR(E180="",$V$1=""),"",H180-J180) -> 0 | L180: Para Programar | P180: =IF(A180="","",$V$1) -> 46287 | Q180: Pasaje N°5 | R180: 75 | S180: Red distribuidora | T180: =IF(A180="","",IF(AND(L180="Para Programar",G180=0),"INCONSISTENCIA - REVISAR MANUALMENTE: Para Programar sin saldo",IF(AND(L180="Terminada",G180>0),"INCONSISTENCIA - REVISAR MANUALMENTE: Terminada con saldo",""))) | U180: =IF(AND(L180="Para Programar",G180>0),COUNTIFS($L$5:L180,"Para Programar",$G$5:G180,">0"),"") -> 8 | W180: =IF(OR(B180="",C180=""),"",B180&"|"&C180) -> N12 - N20|05 Tendido de cañería - Cañería principal | X180: 0
A181: AG-09 | B181: N12 - N20 | C181: 05 Tendido de cañería - Relevamiento planialtimétrico | D181: m | E181: 98 | F181: =IF(E181="","",MIN(E181,$X181+SUMIFS('05_Parte_Diario'!$H$5:$H$204,'05_Parte_Diario'!$D$5:$D$204,B181,'05_Parte_Diario'!$E$5:$E$204,C181))) -> 0 | G181: =IF(E181="","",MAX(E181-F181,0)) -> 98 | H181: =IFERROR(F181/E181,0) -> 0 | I181: =IF(OR(B181="",C181="",$V$1=""),"",MIN(E181,SUMIFS('03_Planificacion'!$G$99:$G$178,'03_Planificacion'!$E$99:$E$178,B181,'03_Planificacion'!$F$99:$F$178,C181,'03_Planificacion'!$D$99:$D$178,"<="&$V$1))) -> 0 | J181: =IFERROR(I181/E181,0) -> 0 | K181: =IF(OR(E181="",$V$1=""),"",H181-J181) -> 0 | L181: Para Programar | P181: =IF(A181="","",$V$1) -> 46287 | Q181: Pasaje N°5 | R181: 75 | S181: Red distribuidora | T181: =IF(A181="","",IF(AND(L181="Para Programar",G181=0),"INCONSISTENCIA - REVISAR MANUALMENTE: Para Programar sin saldo",IF(AND(L181="Terminada",G181>0),"INCONSISTENCIA - REVISAR MANUALMENTE: Terminada con saldo",""))) | U181: =IF(AND(L181="Para Programar",G181>0),COUNTIFS($L$5:L181,"Para Programar",$G$5:G181,">0"),"") -> 9 | W181: =IF(OR(B181="",C181=""),"",B181&"|"&C181) -> N12 - N20|05 Tendido de cañería - Relevamiento planialtimétrico | X181: 0
A182: AG-17 | B182: N12 - N20 | C182: 08 Prueba hidráulica - Preparación del sistema | D182: tramo | E182: 1 | F182: =IF(E182="","",MIN(E182,$X182+SUMIFS('05_Parte_Diario'!$H$5:$H$204,'05_Parte_Diario'!$D$5:$D$204,B182,'05_Parte_Diario'!$E$5:$E$204,C182))) -> 0 | G182: =IF(E182="","",MAX(E182-F182,0)) -> 1 | H182: =IFERROR(F182/E182,0) -> 0 | I182: =IF(OR(B182="",C182="",$V$1=""),"",MIN(E182,SUMIFS('03_Planificacion'!$G$99:$G$178,'03_Planificacion'!$E$99:$E$178,B182,'03_Planificacion'!$F$99:$F$178,C182,'03_Planificacion'!$D$99:$D$178,"<="&$V$1))) -> 0 | J182: =IFERROR(I182/E182,0) -> 0 | K182: =IF(OR(E182="",$V$1=""),"",H182-J182) -> 0 | L182: Para Programar | P182: =IF(A182="","",$V$1) -> 46287 | Q182: Pasaje N°5 | R182: 75 | S182: Red distribuidora | T182: =IF(A182="","",IF(AND(L182="Para Programar",G182=0),"INCONSISTENCIA - REVISAR MANUALMENTE: Para Programar sin saldo",IF(AND(L182="Terminada",G182>0),"INCONSISTENCIA - REVISAR MANUALMENTE: Terminada con saldo",""))) | U182: =IF(AND(L182="Para Programar",G182>0),COUNTIFS($L$5:L182,"Para Programar",$G$5:G182,">0"),"") -> 10 | W182: =IF(OR(B182="",C182=""),"",B182&"|"&C182) -> N12 - N20|08 Prueba hidráulica - Preparación del sistema | X182: 0
A183: AG-18 | B183: N12 - N20 | C183: 08 Prueba hidráulica - Interna N° 1 | D183: tramo | E183: 1 | F183: =IF(E183="","",MIN(E183,$X183+SUMIFS('05_Parte_Diario'!$H$5:$H$204,'05_Parte_Diario'!$D$5:$D$204,B183,'05_Parte_Diario'!$E$5:$E$204,C183))) -> 0 | G183: =IF(E183="","",MAX(E183-F183,0)) -> 1 | H183: =IFERROR(F183/E183,0) -> 0 | I183: =IF(OR(B183="",C183="",$V$1=""),"",MIN(E183,SUMIFS('03_Planificacion'!$G$99:$G$178,'03_Planificacion'!$E$99:$E$178,B183,'03_Planificacion'!$F$99:$F$178,C183,'03_Planificacion'!$D$99:$D$178,"<="&$V$1))) -> 0 | J183: =IFERROR(I183/E183,0) -> 0 | K183: =IF(OR(E183="",$V$1=""),"",H183-J183) -> 0 | L183: Para Programar | P183: =IF(A183="","",$V$1) -> 46287 | Q183: Pasaje N°5 | R183: 75 | S183: Red distribuidora | T183: =IF(A183="","",IF(AND(L183="Para Programar",G183=0),"INCONSISTENCIA - REVISAR MANUALMENTE: Para Programar sin saldo",IF(AND(L183="Terminada",G183>0),"INCONSISTENCIA - REVISAR MANUALMENTE: Terminada con saldo",""))) | U183: =IF(AND(L183="Para Programar",G183>0),COUNTIFS($L$5:L183,"Para Programar",$G$5:G183,">0"),"") -> 11 | W183: =IF(OR(B183="",C183=""),"",B183&"|"&C183) -> N12 - N20|08 Prueba hidráulica - Interna N° 1 | X183: 0
A184: AG-19 | B184: N12 - N20 | C184: 08 Prueba hidráulica - Interna N° 2 | D184: tramo | E184: 1 | F184: =IF(E184="","",MIN(E184,$X184+SUMIFS('05_Parte_Diario'!$H$5:$H$204,'05_Parte_Diario'!$D$5:$D$204,B184,'05_Parte_Diario'!$E$5:$E$204,C184))) -> 0 | G184: =IF(E184="","",MAX(E184-F184,0)) -> 1 | H184: =IFERROR(F184/E184,0) -> 0 | I184: =IF(OR(B184="",C184="",$V$1=""),"",MIN(E184,SUMIFS('03_Planificacion'!$G$99:$G$178,'03_Planificacion'!$E$99:$E$178,B184,'03_Planificacion'!$F$99:$F$178,C184,'03_Planificacion'!$D$99:$D$178,"<="&$V$1))) -> 0 | J184: =IFERROR(I184/E184,0) -> 0 | K184: =IF(OR(E184="",$V$1=""),"",H184-J184) -> 0 | L184: No iniciada | P184: =IF(A184="","",$V$1) -> 46287 | Q184: Pasaje N°5 | R184: 75 | S184: Red distribuidora | T184: =IF(A184="","",IF(AND(L184="Para Programar",G184=0),"INCONSISTENCIA - REVISAR MANUALMENTE: Para Programar sin saldo",IF(AND(L184="Terminada",G184>0),"INCONSISTENCIA - REVISAR MANUALMENTE: Terminada con saldo",""))) | U184: =IF(AND(L184="Para Programar",G184>0),COUNTIFS($L$5:L184,"Para Programar",$G$5:G184,">0"),"") | W184: =IF(OR(B184="",C184=""),"",B184&"|"&C184) -> N12 - N20|08 Prueba hidráulica - Interna N° 2 | X184: 0
A185: HI-03 | B185: N12 - N20 | C185: 08 Prueba hidráulica - Primera prueba oficial | D185: tramo | E185: 1 | F185: =IF(E185="","",MIN(E185,$X185+SUMIFS('05_Parte_Diario'!$H$5:$H$204,'05_Parte_Diario'!$D$5:$D$204,B185,'05_Parte_Diario'!$E$5:$E$204,C185))) -> 0 | G185: =IF(E185="","",MAX(E185-F185,0)) -> 1 | H185: =IFERROR(F185/E185,0) -> 0 | I185: =IF(OR(B185="",C185="",$V$1=""),"",MIN(E185,SUMIFS('03_Planificacion'!$G$99:$G$178,'03_Planificacion'!$E$99:$E$178,B185,'03_Planificacion'!$F$99:$F$178,C185,'03_Planificacion'!$D$99:$D$178,"<="&$V$1))) -> 0 | J185: =IFERROR(I185/E185,0) -> 0 | K185: =IF(OR(E185="",$V$1=""),"",H185-J185) -> 0 | L185: No iniciada | P185: =IF(A185="","",$V$1) -> 46287 | Q185: Pasaje N°5 | R185: 75 | S185: Red distribuidora | T185: =IF(A185="","",IF(AND(L185="Para Programar",G185=0),"INCONSISTENCIA - REVISAR MANUALMENTE: Para Programar sin saldo",IF(AND(L185="Terminada",G185>0),"INCONSISTENCIA - REVISAR MANUALMENTE: Terminada con saldo",""))) | U185: =IF(AND(L185="Para Programar",G185>0),COUNTIFS($L$5:L185,"Para Programar",$G$5:G185,">0"),"") | W185: =IF(OR(B185="",C185=""),"",B185&"|"&C185) -> N12 - N20|08 Prueba hidráulica - Primera prueba oficial | X185: 0
A186: AG-20 | B186: N12 - N20 | C186: 09 Paquete estructural - Aporte e=0,30 m | D186: m | E186: 98 | F186: =IF(E186="","",MIN(E186,$X186+SUMIFS('05_Parte_Diario'!$H$5:$H$204,'05_Parte_Diario'!$D$5:$D$204,B186,'05_Parte_Diario'!$E$5:$E$204,C186))) -> 0 | G186: =IF(E186="","",MAX(E186-F186,0)) -> 98 | H186: =IFERROR(F186/E186,0) -> 0 | I186: =IF(OR(B186="",C186="",$V$1=""),"",MIN(E186,SUMIFS('03_Planificacion'!$G$99:$G$178,'03_Planificacion'!$E$99:$E$178,B186,'03_Planificacion'!$F$99:$F$178,C186,'03_Planificacion'!$D$99:$D$178,"<="&$V$1))) -> 0 | J186: =IFERROR(I186/E186,0) -> 0 | K186: =IF(OR(E186="",$V$1=""),"",H186-J186) -> 0 | L186: No iniciada | P186: =IF(A186="","",$V$1) -> 46287 | Q186: Pasaje N°5 | R186: 75 | S186: Red distribuidora | T186: =IF(A186="","",IF(AND(L186="Para Programar",G186=0),"INCONSISTENCIA - REVISAR MANUALMENTE: Para Programar sin saldo",IF(AND(L186="Terminada",G186>0),"INCONSISTENCIA - REVISAR MANUALMENTE: Terminada con saldo",""))) | U186: =IF(AND(L186="Para Programar",G186>0),COUNTIFS($L$5:L186,"Para Programar",$G$5:G186,">0"),"") | W186: =IF(OR(B186="",C186=""),"",B186&"|"&C186) -> N12 - N20|09 Paquete estructural - Aporte e=0,30 m | X186: 0
A187: AG-21 | B187: N12 - N20 | C187: 09 Paquete estructural - Compactación | D187: m | E187: 98 | F187: =IF(E187="","",MIN(E187,$X187+SUMIFS('05_Parte_Diario'!$H$5:$H$204,'05_Parte_Diario'!$D$5:$D$204,B187,'05_Parte_Diario'!$E$5:$E$204,C187))) -> 0 | G187: =IF(E187="","",MAX(E187-F187,0)) -> 98 | H187: =IFERROR(F187/E187,0) -> 0 | I187: =IF(OR(B187="",C187="",$V$1=""),"",MIN(E187,SUMIFS('03_Planificacion'!$G$99:$G$178,'03_Planificacion'!$E$99:$E$178,B187,'03_Planificacion'!$F$99:$F$178,C187,'03_Planificacion'!$D$99:$D$178,"<="&$V$1))) -> 0 | J187: =IFERROR(I187/E187,0) -> 0 | K187: =IF(OR(E187="",$V$1=""),"",H187-J187) -> 0 | L187: No iniciada | P187: =IF(A187="","",$V$1) -> 46287 | Q187: Pasaje N°5 | R187: 75 | S187: Red distribuidora | T187: =IF(A187="","",IF(AND(L187="Para Programar",G187=0),"INCONSISTENCIA - REVISAR MANUALMENTE: Para Programar sin saldo",IF(AND(L187="Terminada",G187>0),"INCONSISTENCIA - REVISAR MANUALMENTE: Terminada con saldo",""))) | U187: =IF(AND(L187="Para Programar",G187>0),COUNTIFS($L$5:L187,"Para Programar",$G$5:G187,">0"),"") | W187: =IF(OR(B187="",C187=""),"",B187&"|"&C187) -> N12 - N20|09 Paquete estructural - Compactación | X187: 0
... A271: AG-05 | B271: N15 - N17 | C271: 03 Base de asiento - Nivelación de fondo de zanja | D271: m | E271: 245 | F271: =IF(E271="","",MIN(E271,$X271+SUMIFS('05_Parte_Diario'!$H$5:$H$204,'05_Parte_Diario'!$D$5:$D$204,B271,'05_Parte_Diario'!$E$5:$E$204,C271))) -> 245 | G271: =IF(E271="","",MAX(E271-F271,0)) -> 0 | H271: =IFERROR(F271/E271,0) -> 1 | I271: =IF(OR(B271="",C271="",$V$1=""),"",MIN(E271,SUMIFS('03_Planificacion'!$G$99:$G$178,'03_Planificacion'!$E$99:$E$178,B271,'03_Planificacion'!$F$99:$F$178,C271,'03_Planificacion'!$D$99:$D$178,"<="&$V$1))) -> 0 | J271: =IFERROR(I271/E271,0) -> 0 | K271: =IF(OR(E271="",$V$1=""),"",H271-J271) -> 1 | L271: Terminada | P271: =IF(A271="","",$V$1) -> 46287 | Q271: Pasaje N°2 | R271: 110 | S271: Red distribuidora | T271: =IF(A271="","",IF(AND(L271="Para Programar",G271=0),"INCONSISTENCIA - REVISAR MANUALMENTE: Para Programar sin saldo",IF(AND(L271="Terminada",G271>0),"INCONSISTENCIA - REVISAR MANUALMENTE: Terminada con saldo",""))) | U271: =IF(AND(L271="Para Programar",G271>0),COUNTIFS($L$5:L271,"Para Programar",$G$5:G271,">0"),"") | W271: =IF(OR(B271="",C271=""),"",B271&"|"&C271) -> N15 - N17|03 Base de asiento - Nivelación de fondo de zanja | X271: 245
A272: AG-06 | B272: N15 - N17 | C272: 03 Base de asiento - Aporte de material base e=0,10 m | D272: m | E272: 245 | F272: =IF(E272="","",MIN(E272,$X272+SUMIFS('05_Parte_Diario'!$H$5:$H$204,'05_Parte_Diario'!$D$5:$D$204,B272,'05_Parte_Diario'!$E$5:$E$204,C272))) -> 245 | G272: =IF(E272="","",MAX(E272-F272,0)) -> 0 | H272: =IFERROR(F272/E272,0) -> 1 | I272: =IF(OR(B272="",C272="",$V$1=""),"",MIN(E272,SUMIFS('03_Planificacion'!$G$99:$G$178,'03_Planificacion'!$E$99:$E$178,B272,'03_Planificacion'!$F$99:$F$178,C272,'03_Planificacion'!$D$99:$D$178,"<="&$V$1))) -> 0 | J272: =IFERROR(I272/E272,0) -> 0 | K272: =IF(OR(E272="",$V$1=""),"",H272-J272) -> 1 | L272: Terminada | M272: Pedir ensayo | P272: =IF(A272="","",$V$1) -> 46287 | Q272: Pasaje N°2 | R272: 110 | S272: Red distribuidora | T272: =IF(A272="","",IF(AND(L272="Para Programar",G272=0),"INCONSISTENCIA - REVISAR MANUALMENTE: Para Programar sin saldo",IF(AND(L272="Terminada",G272>0),"INCONSISTENCIA - REVISAR MANUALMENTE: Terminada con saldo",""))) | U272: =IF(AND(L272="Para Programar",G272>0),COUNTIFS($L$5:L272,"Para Programar",$G$5:G272,">0"),"") | W272: =IF(OR(B272="",C272=""),"",B272&"|"&C272) -> N15 - N17|03 Base de asiento - Aporte de material base e=0,10 m | X272: 245
A273: AG-07 | B273: N15 - N17 | C273: 03 Base de asiento - Compactación | D273: m | E273: 245 | F273: =IF(E273="","",MIN(E273,$X273+SUMIFS('05_Parte_Diario'!$H$5:$H$204,'05_Parte_Diario'!$D$5:$D$204,B273,'05_Parte_Diario'!$E$5:$E$204,C273))) -> 0 | G273: =IF(E273="","",MAX(E273-F273,0)) -> 245 | H273: =IFERROR(F273/E273,0) -> 0 | I273: =IF(OR(B273="",C273="",$V$1=""),"",MIN(E273,SUMIFS('03_Planificacion'!$G$99:$G$178,'03_Planificacion'!$E$99:$E$178,B273,'03_Planificacion'!$F$99:$F$178,C273,'03_Planificacion'!$D$99:$D$178,"<="&$V$1))) -> 0 | J273: =IFERROR(I273/E273,0) -> 0 | K273: =IF(OR(E273="",$V$1=""),"",H273-J273) -> 0 | L273: Para Programar | M273: Preguntar si esta listo | P273: =IF(A273="","",$V$1) -> 46287 | Q273: Pasaje N°2 | R273: 110 | S273: Red distribuidora | T273: =IF(A273="","",IF(AND(L273="Para Programar",G273=0),"INCONSISTENCIA - REVISAR MANUALMENTE: Para Programar sin saldo",IF(AND(L273="Terminada",G273>0),"INCONSISTENCIA - REVISAR MANUALMENTE: Terminada con saldo",""))) | U273: =IF(AND(L273="Para Programar",G273>0),COUNTIFS($L$5:L273,"Para Programar",$G$5:G273,">0"),"") -> 44 | W273: =IF(OR(B273="",C273=""),"",B273&"|"&C273) -> N15 - N17|03 Base de asiento - Compactación | X273: 0
A274: HI-01 | B274: N15 - N17 | C274: 04 Inspecciones previas - Laboratorio base de asiento | D274: tramo | E274: 1 | F274: =IF(E274="","",MIN(E274,$X274+SUMIFS('05_Parte_Diario'!$H$5:$H$204,'05_Parte_Diario'!$D$5:$D$204,B274,'05_Parte_Diario'!$E$5:$E$204,C274))) -> 0 | G274: =IF(E274="","",MAX(E274-F274,0)) -> 1 | H274: =IFERROR(F274/E274,0) -> 0 | I274: =IF(OR(B274="",C274="",$V$1=""),"",MIN(E274,SUMIFS('03_Planificacion'!$G$99:$G$178,'03_Planificacion'!$E$99:$E$178,B274,'03_Planificacion'!$F$99:$F$178,C274,'03_Planificacion'!$D$99:$D$178,"<="&$V$1))) -> 0 | J274: =IFERROR(I274/E274,0) -> 0 | K274: =IF(OR(E274="",$V$1=""),"",H274-J274) -> 0 | L274: Para Programar | P274: =IF(A274="","",$V$1) -> 46287 | Q274: Pasaje N°2 | R274: 110 | S274: Red distribuidora | T274: =IF(A274="","",IF(AND(L274="Para Programar",G274=0),"INCONSISTENCIA - REVISAR MANUALMENTE: Para Programar sin saldo",IF(AND(L274="Terminada",G274>0),"INCONSISTENCIA - REVISAR MANUALMENTE: Terminada con saldo",""))) | U274: =IF(AND(L274="Para Programar",G274>0),COUNTIFS($L$5:L274,"Para Programar",$G$5:G274,">0"),"") -> 45 | W274: =IF(OR(B274="",C274=""),"",B274&"|"&C274) -> N15 - N17|04 Inspecciones previas - Laboratorio base de asiento | X274: 0
A275: HI-02 | B275: N15 - N17 | C275: 04 Inspecciones previas - Zanja y materiales | D275: tramo | E275: 1 | F275: =IF(E275="","",MIN(E275,$X275+SUMIFS('05_Parte_Diario'!$H$5:$H$204,'05_Parte_Diario'!$D$5:$D$204,B275,'05_Parte_Diario'!$E$5:$E$204,C275))) -> 0 | G275: =IF(E275="","",MAX(E275-F275,0)) -> 1 | H275: =IFERROR(F275/E275,0) -> 0 | I275: =IF(OR(B275="",C275="",$V$1=""),"",MIN(E275,SUMIFS('03_Planificacion'!$G$99:$G$178,'03_Planificacion'!$E$99:$E$178,B275,'03_Planificacion'!$F$99:$F$178,C275,'03_Planificacion'!$D$99:$D$178,"<="&$V$1))) -> 0 | J275: =IFERROR(I275/E275,0) -> 0 | K275: =IF(OR(E275="",$V$1=""),"",H275-J275) -> 0 | L275: Para Programar | P275: =IF(A275="","",$V$1) -> 46287 | Q275: Pasaje N°2 | R275: 110 | S275: Red distribuidora | T275: =IF(A275="","",IF(AND(L275="Para Programar",G275=0),"INCONSISTENCIA - REVISAR MANUALMENTE: Para Programar sin saldo",IF(AND(L275="Terminada",G275>0),"INCONSISTENCIA - REVISAR MANUALMENTE: Terminada con saldo",""))) | U275: =IF(AND(L275="Para Programar",G275>0),COUNTIFS($L$5:L275,"Para Programar",$G$5:G275,">0"),"") -> 46 | W275: =IF(OR(B275="",C275=""),"",B275&"|"&C275) -> N15 - N17|04 Inspecciones previas - Zanja y materiales | X275: 0
A276: AG-08 | B276: N15 - N17 | C276: 05 Tendido de cañería - Cañería principal | D276: m | E276: 245 | F276: =IF(E276="","",MIN(E276,$X276+SUMIFS('05_Parte_Diario'!$H$5:$H$204,'05_Parte_Diario'!$D$5:$D$204,B276,'05_Parte_Diario'!$E$5:$E$204,C276))) -> 0 | G276: =IF(E276="","",MAX(E276-F276,0)) -> 245 | H276: =IFERROR(F276/E276,0) -> 0 | I276: =IF(OR(B276="",C276="",$V$1=""),"",MIN(E276,SUMIFS('03_Planificacion'!$G$99:$G$178,'03_Planificacion'!$E$99:$E$178,B276,'03_Planificacion'!$F$99:$F$178,C276,'03_Planificacion'!$D$99:$D$178,"<="&$V$1))) -> 0 | J276: =IFERROR(I276/E276,0) -> 0 | K276: =IF(OR(E276="",$V$1=""),"",H276-J276) -> 0 | L276: Para Programar | P276: =IF(A276="","",$V$1) -> 46287 | Q276: Pasaje N°2 | R276: 110 | S276: Red distribuidora | T276: =IF(A276="","",IF(AND(L276="Para Programar",G276=0),"INCONSISTENCIA - REVISAR MANUALMENTE: Para Programar sin saldo",IF(AND(L276="Terminada",G276>0),"INCONSISTENCIA - REVISAR MANUALMENTE: Terminada con saldo",""))) | U276: =IF(AND(L276="Para Programar",G276>0),COUNTIFS($L$5:L276,"Para Programar",$G$5:G276,">0"),"") -> 47 | W276: =IF(OR(B276="",C276=""),"",B276&"|"&C276) -> N15 - N17|05 Tendido de cañería - Cañería principal | X276: 0
A277: AG-09 | B277: N15 - N17 | C277: 05 Tendido de cañería - Relevamiento planialtimétrico | D277: m | E277: 245 | F277: =IF(E277="","",MIN(E277,$X277+SUMIFS('05_Parte_Diario'!$H$5:$H$204,'05_Parte_Diario'!$D$5:$D$204,B277,'05_Parte_Diario'!$E$5:$E$204,C277))) -> 0 | G277: =IF(E277="","",MAX(E277-F277,0)) -> 245 | H277: =IFERROR(F277/E277,0) -> 0 | I277: =IF(OR(B277="",C277="",$V$1=""),"",MIN(E277,SUMIFS('03_Planificacion'!$G$99:$G$178,'03_Planificacion'!$E$99:$E$178,B277,'03_Planificacion'!$F$99:$F$178,C277,'03_Planificacion'!$D$99:$D$178,"<="&$V$1))) -> 0 | J277: =IFERROR(I277/E277,0) -> 0 | K277: =IF(OR(E277="",$V$1=""),"",H277-J277) -> 0 | L277: Para Programar | P277: =IF(A277="","",$V$1) -> 46287 | Q277: Pasaje N°2 | R277: 110 | S277: Red distribuidora | T277: =IF(A277="","",IF(AND(L277="Para Programar",G277=0),"INCONSISTENCIA - REVISAR MANUALMENTE: Para Programar sin saldo",IF(AND(L277="Terminada",G277>0),"INCONSISTENCIA - REVISAR MANUALMENTE: Terminada con saldo",""))) | U277: =IF(AND(L277="Para Programar",G277>0),COUNTIFS($L$5:L277,"Para Programar",$G$5:G277,">0"),"") -> 48 | W277: =IF(OR(B277="",C277=""),"",B277&"|"&C277) -> N15 - N17|05 Tendido de cañería - Relevamiento planialtimétrico | X277: 0
A278: AG-17 | B278: N15 - N17 | C278: 08 Prueba hidráulica - Preparación del sistema | D278: tramo | E278: 1 | F278: =IF(E278="","",MIN(E278,$X278+SUMIFS('05_Parte_Diario'!$H$5:$H$204,'05_Parte_Diario'!$D$5:$D$204,B278,'05_Parte_Diario'!$E$5:$E$204,C278))) -> 0 | G278: =IF(E278="","",MAX(E278-F278,0)) -> 1 | H278: =IFERROR(F278/E278,0) -> 0 | I278: =IF(OR(B278="",C278="",$V$1=""),"",MIN(E278,SUMIFS('03_Planificacion'!$G$99:$G$178,'03_Planificacion'!$E$99:$E$178,B278,'03_Planificacion'!$F$99:$F$178,C278,'03_Planificacion'!$D$99:$D$178,"<="&$V$1))) -> 0 | J278: =IFERROR(I278/E278,0) -> 0 | K278: =IF(OR(E278="",$V$1=""),"",H278-J278) -> 0 | L278: Para Programar | P278: =IF(A278="","",$V$1) -> 46287 | Q278: Pasaje N°2 | R278: 110 | S278: Red distribuidora | T278: =IF(A278="","",IF(AND(L278="Para Programar",G278=0),"INCONSISTENCIA - REVISAR MANUALMENTE: Para Programar sin saldo",IF(AND(L278="Terminada",G278>0),"INCONSISTENCIA - REVISAR MANUALMENTE: Terminada con saldo",""))) | U278: =IF(AND(L278="Para Programar",G278>0),COUNTIFS($L$5:L278,"Para Programar",$G$5:G278,">0"),"") -> 49 | W278: =IF(OR(B278="",C278=""),"",B278&"|"&C278) -> N15 - N17|08 Prueba hidráulica - Preparación del sistema | X278: 0
A279: AG-18 | B279: N15 - N17 | C279: 08 Prueba hidráulica - Interna N° 1 | D279: tramo | E279: 1 | F279: =IF(E279="","",MIN(E279,$X279+SUMIFS('05_Parte_Diario'!$H$5:$H$204,'05_Parte_Diario'!$D$5:$D$204,B279,'05_Parte_Diario'!$E$5:$E$204,C279))) -> 0 | G279: =IF(E279="","",MAX(E279-F279,0)) -> 1 | H279: =IFERROR(F279/E279,0) -> 0 | I279: =IF(OR(B279="",C279="",$V$1=""),"",MIN(E279,SUMIFS('03_Planificacion'!$G$99:$G$178,'03_Planificacion'!$E$99:$E$178,B279,'03_Planificacion'!$F$99:$F$178,C279,'03_Planificacion'!$D$99:$D$178,"<="&$V$1))) -> 0 | J279: =IFERROR(I279/E279,0) -> 0 | K279: =IF(OR(E279="",$V$1=""),"",H279-J279) -> 0 | L279: Para Programar | P279: =IF(A279="","",$V$1) -> 46287 | Q279: Pasaje N°2 | R279: 110 | S279: Red distribuidora | T279: =IF(A279="","",IF(AND(L279="Para Programar",G279=0),"INCONSISTENCIA - REVISAR MANUALMENTE: Para Programar sin saldo",IF(AND(L279="Terminada",G279>0),"INCONSISTENCIA - REVISAR MANUALMENTE: Terminada con saldo",""))) | U279: =IF(AND(L279="Para Programar",G279>0),COUNTIFS($L$5:L279,"Para Programar",$G$5:G279,">0"),"") -> 50 | W279: =IF(OR(B279="",C279=""),"",B279&"|"&C279) -> N15 - N17|08 Prueba hidráulica - Interna N° 1 | X279: 0
A280: AG-19 | B280: N15 - N17 | C280: 08 Prueba hidráulica - Interna N° 2 | D280: tramo | E280: 1 | F280: =IF(E280="","",MIN(E280,$X280+SUMIFS('05_Parte_Diario'!$H$5:$H$204,'05_Parte_Diario'!$D$5:$D$204,B280,'05_Parte_Diario'!$E$5:$E$204,C280))) -> 0 | G280: =IF(E280="","",MAX(E280-F280,0)) -> 1 | H280: =IFERROR(F280/E280,0) -> 0 | I280: =IF(OR(B280="",C280="",$V$1=""),"",MIN(E280,SUMIFS('03_Planificacion'!$G$99:$G$178,'03_Planificacion'!$E$99:$E$178,B280,'03_Planificacion'!$F$99:$F$178,C280,'03_Planificacion'!$D$99:$D$178,"<="&$V$1))) -> 0 | J280: =IFERROR(I280/E280,0) -> 0 | K280: =IF(OR(E280="",$V$1=""),"",H280-J280) -> 0 | L280: No iniciada | P280: =IF(A280="","",$V$1) -> 46287 | Q280: Pasaje N°2 | R280: 110 | S280: Red distribuidora | T280: =IF(A280="","",IF(AND(L280="Para Programar",G280=0),"INCONSISTENCIA - REVISAR MANUALMENTE: Para Programar sin saldo",IF(AND(L280="Terminada",G280>0),"INCONSISTENCIA - REVISAR MANUALMENTE: Terminada con saldo",""))) | U280: =IF(AND(L280="Para Programar",G280>0),COUNTIFS($L$5:L280,"Para Programar",$G$5:G280,">0"),"") | W280: =IF(OR(B280="",C280=""),"",B280&"|"&C280) -> N15 - N17|08 Prueba hidráulica - Interna N° 2 | X280: 0
A281: HI-03 | B281: N15 - N17 | C281: 08 Prueba hidráulica - Primera prueba oficial | D281: tramo | E281: 1 | F281: =IF(E281="","",MIN(E281,$X281+SUMIFS('05_Parte_Diario'!$H$5:$H$204,'05_Parte_Diario'!$D$5:$D$204,B281,'05_Parte_Diario'!$E$5:$E$204,C281))) -> 0 | G281: =IF(E281="","",MAX(E281-F281,0)) -> 1 | H281: =IFERROR(F281/E281,0) -> 0 | I281: =IF(OR(B281="",C281="",$V$1=""),"",MIN(E281,SUMIFS('03_Planificacion'!$G$99:$G$178,'03_Planificacion'!$E$99:$E$178,B281,'03_Planificacion'!$F$99:$F$178,C281,'03_Planificacion'!$D$99:$D$178,"<="&$V$1))) -> 0 | J281: =IFERROR(I281/E281,0) -> 0 | K281: =IF(OR(E281="",$V$1=""),"",H281-J281) -> 0 | L281: No iniciada | P281: =IF(A281="","",$V$1) -> 46287 | Q281: Pasaje N°2 | R281: 110 | S281: Red distribuidora | T281: =IF(A281="","",IF(AND(L281="Para Programar",G281=0),"INCONSISTENCIA - REVISAR MANUALMENTE: Para Programar sin saldo",IF(AND(L281="Terminada",G281>0),"INCONSISTENCIA - REVISAR MANUALMENTE: Terminada con saldo",""))) | U281: =IF(AND(L281="Para Programar",G281>0),COUNTIFS($L$5:L281,"Para Programar",$G$5:G281,">0"),"") | W281: =IF(OR(B281="",C281=""),"",B281&"|"&C281) -> N15 - N17|08 Prueba hidráulica - Primera prueba oficial | X281: 0
A282: AG-20 | B282: N15 - N17 | C282: 09 Paquete estructural - Aporte e=0,30 m | D282: m | E282: 245 | F282: =IF(E282="","",MIN(E282,$X282+SUMIFS('05_Parte_Diario'!$H$5:$H$204,'05_Parte_Diario'!$D$5:$D$204,B282,'05_Parte_Diario'!$E$5:$E$204,C282))) -> 0 | G282: =IF(E282="","",MAX(E282-F282,0)) -> 245 | H282: =IFERROR(F282/E282,0) -> 0 | I282: =IF(OR(B282="",C282="",$V$1=""),"",MIN(E282,SUMIFS('03_Planificacion'!$G$99:$G$178,'03_Planificacion'!$E$99:$E$178,B282,'03_Planificacion'!$F$99:$F$178,C282,'03_Planificacion'!$D$99:$D$178,"<="&$V$1))) -> 0 | J282: =IFERROR(I282/E282,0) -> 0 | K282: =IF(OR(E282="",$V$1=""),"",H282-J282) -> 0 | L282: No iniciada | P282: =IF(A282="","",$V$1) -> 46287 | Q282: Pasaje N°2 | R282: 110 | S282: Red distribuidora | T282: =IF(A282="","",IF(AND(L282="Para Programar",G282=0),"INCONSISTENCIA - REVISAR MANUALMENTE: Para Programar sin saldo",IF(AND(L282="Terminada",G282>0),"INCONSISTENCIA - REVISAR MANUALMENTE: Terminada con saldo",""))) | U282: =IF(AND(L282="Para Programar",G282>0),COUNTIFS($L$5:L282,"Para Programar",$G$5:G282,">0"),"") | W282: =IF(OR(B282="",C282=""),"",B282&"|"&C282) -> N15 - N17|09 Paquete estructural - Aporte e=0,30 m | X282: 0
A283: AG-21 | B283: N15 - N17 | C283: 09 Paquete estructural - Compactación | D283: m | E283: 245 | F283: =IF(E283="","",MIN(E283,$X283+SUMIFS('05_Parte_Diario'!$H$5:$H$204,'05_Parte_Diario'!$D$5:$D$204,B283,'05_Parte_Diario'!$E$5:$E$204,C283))) -> 0 | G283: =IF(E283="","",MAX(E283-F283,0)) -> 245 | H283: =IFERROR(F283/E283,0) -> 0 | I283: =IF(OR(B283="",C283="",$V$1=""),"",MIN(E283,SUMIFS('03_Planificacion'!$G$99:$G$178,'03_Planificacion'!$E$99:$E$178,B283,'03_Planificacion'!$F$99:$F$178,C283,'03_Planificacion'!$D$99:$D$178,"<="&$V$1))) -> 0 | J283: =IFERROR(I283/E283,0) -> 0 | K283: =IF(OR(E283="",$V$1=""),"",H283-J283) -> 0 | L283: No iniciada | P283: =IF(A283="","",$V$1) -> 46287 | Q283: Pasaje N°2 | R283: 110 | S283: Red distribuidora | T283: =IF(A283="","",IF(AND(L283="Para Programar",G283=0),"INCONSISTENCIA - REVISAR MANUALMENTE: Para Programar sin saldo",IF(AND(L283="Terminada",G283>0),"INCONSISTENCIA - REVISAR MANUALMENTE: Terminada con saldo",""))) | U283: =IF(AND(L283="Para Programar",G283>0),COUNTIFS($L$5:L283,"Para Programar",$G$5:G283,">0"),"") | W283: =IF(OR(B283="",C283=""),"",B283&"|"&C283) -> N15 - N17|09 Paquete estructural - Compactación | X283: 0
A284: HI-04 | B284: N15 - N17 | C284: 09 Paquete estructural - Inspección laboratorio | D284: tramo | E284: 1 | F284: =IF(E284="","",MIN(E284,$X284+SUMIFS('05_Parte_Diario'!$H$5:$H$204,'05_Parte_Diario'!$D$5:$D$204,B284,'05_Parte_Diario'!$E$5:$E$204,C284))) -> 0 | G284: =IF(E284="","",MAX(E284-F284,0)) -> 1 | H284: =IFERROR(F284/E284,0) -> 0 | I284: =IF(OR(B284="",C284="",$V$1=""),"",MIN(E284,SUMIFS('03_Planificacion'!$G$99:$G$178,'03_Planificacion'!$E$99:$E$178,B284,'03_Planificacion'!$F$99:$F$178,C284,'03_Planificacion'!$D$99:$D$178,"<="&$V$1))) -> 0 | J284: =IFERROR(I284/E284,0) -> 0 | K284: =IF(OR(E284="",$V$1=""),"",H284-J284) -> 0 | L284: No iniciada | P284: =IF(A284="","",$V$1) -> 46287 | Q284: Pasaje N°2 | R284: 110 | S284: Red distribuidora | T284: =IF(A284="","",IF(AND(L284="Para Programar",G284=0),"INCONSISTENCIA - REVISAR MANUALMENTE: Para Programar sin saldo",IF(AND(L284="Terminada",G284>0),"INCONSISTENCIA - REVISAR MANUALMENTE: Terminada con saldo",""))) | U284: =IF(AND(L284="Para Programar",G284>0),COUNTIFS($L$5:L284,"Para Programar",$G$5:G284,">0"),"") | W284: =IF(OR(B284="",C284=""),"",B284&"|"&C284) -> N15 - N17|09 Paquete estructural - Inspección laboratorio | X284: 0
A285: AG-22 | B285: N15 - N17 | C285: 10 Relleno -0,60 - Conformación de capa | D285: m | E285: 245 | F285: =IF(E285="","",MIN(E285,$X285+SUMIFS('05_Parte_Diario'!$H$5:$H$204,'05_Parte_Diario'!$D$5:$D$204,B285,'05_Parte_Diario'!$E$5:$E$204,C285))) -> 0 | G285: =IF(E285="","",MAX(E285-F285,0)) -> 245 | H285: =IFERROR(F285/E285,0) -> 0 | I285: =IF(OR(B285="",C285="",$V$1=""),"",MIN(E285,SUMIFS('03_Planificacion'!$G$99:$G$178,'03_Planificacion'!$E$99:$E$178,B285,'03_Planificacion'!$F$99:$F$178,C285,'03_Planificacion'!$D$99:$D$178,"<="&$V$1))) -> 0 | J285: =IFERROR(I285/E285,0) -> 0 | K285: =IF(OR(E285="",$V$1=""),"",H285-J285) -> 0 | L285: No iniciada | P285: =IF(A285="","",$V$1) -> 46287 | Q285: Pasaje N°2 | R285: 110 | S285: Red distribuidora | T285: =IF(A285="","",IF(AND(L285="Para Programar",G285=0),"INCONSISTENCIA - REVISAR MANUALMENTE: Para Programar sin saldo",IF(AND(L285="Terminada",G285>0),"INCONSISTENCIA - REVISAR MANUALMENTE: Terminada con saldo",""))) | U285: =IF(AND(L285="Para Programar",G285>0),COUNTIFS($L$5:L285,"Para Programar",$G$5:G285,">0"),"") | W285: =IF(OR(B285="",C285=""),"",B285&"|"&C285) -> N15 - N17|10 Relleno -0,60 - Conformación de capa | X285: 0
... A295: AG-05 | B295: N17 - N18 | C295: 03 Base de asiento - Nivelación de fondo de zanja | D295: m | E295: 24 | F295: =IF(E295="","",MIN(E295,$X295+SUMIFS('05_Parte_Diario'!$H$5:$H$204,'05_Parte_Diario'!$D$5:$D$204,B295,'05_Parte_Diario'!$E$5:$E$204,C295))) -> 24 | G295: =IF(E295="","",MAX(E295-F295,0)) -> 0 | H295: =IFERROR(F295/E295,0) -> 1 | I295: =IF(OR(B295="",C295="",$V$1=""),"",MIN(E295,SUMIFS('03_Planificacion'!$G$99:$G$178,'03_Planificacion'!$E$99:$E$178,B295,'03_Planificacion'!$F$99:$F$178,C295,'03_Planificacion'!$D$99:$D$178,"<="&$V$1))) -> 0 | J295: =IFERROR(I295/E295,0) -> 0 | K295: =IF(OR(E295="",$V$1=""),"",H295-J295) -> 1 | L295: Terminada | P295: =IF(A295="","",$V$1) -> 46287 | Q295: Pasaje N°15 | R295: 110 | S295: Red distribuidora | T295: =IF(A295="","",IF(AND(L295="Para Programar",G295=0),"INCONSISTENCIA - REVISAR MANUALMENTE: Para Programar sin saldo",IF(AND(L295="Terminada",G295>0),"INCONSISTENCIA - REVISAR MANUALMENTE: Terminada con saldo",""))) | U295: =IF(AND(L295="Para Programar",G295>0),COUNTIFS($L$5:L295,"Para Programar",$G$5:G295,">0"),"") | W295: =IF(OR(B295="",C295=""),"",B295&"|"&C295) -> N17 - N18|03 Base de asiento - Nivelación de fondo de zanja | X295: 24
A296: AG-06 | B296: N17 - N18 | C296: 03 Base de asiento - Aporte de material base e=0,10 m | D296: m | E296: 24 | F296: =IF(E296="","",MIN(E296,$X296+SUMIFS('05_Parte_Diario'!$H$5:$H$204,'05_Parte_Diario'!$D$5:$D$204,B296,'05_Parte_Diario'!$E$5:$E$204,C296))) -> 24 | G296: =IF(E296="","",MAX(E296-F296,0)) -> 0 | H296: =IFERROR(F296/E296,0) -> 1 | I296: =IF(OR(B296="",C296="",$V$1=""),"",MIN(E296,SUMIFS('03_Planificacion'!$G$99:$G$178,'03_Planificacion'!$E$99:$E$178,B296,'03_Planificacion'!$F$99:$F$178,C296,'03_Planificacion'!$D$99:$D$178,"<="&$V$1))) -> 0 | J296: =IFERROR(I296/E296,0) -> 0 | K296: =IF(OR(E296="",$V$1=""),"",H296-J296) -> 1 | L296: Terminada | M296: Pedir ensayo | P296: =IF(A296="","",$V$1) -> 46287 | Q296: Pasaje N°15 | R296: 110 | S296: Red distribuidora | T296: =IF(A296="","",IF(AND(L296="Para Programar",G296=0),"INCONSISTENCIA - REVISAR MANUALMENTE: Para Programar sin saldo",IF(AND(L296="Terminada",G296>0),"INCONSISTENCIA - REVISAR MANUALMENTE: Terminada con saldo",""))) | U296: =IF(AND(L296="Para Programar",G296>0),COUNTIFS($L$5:L296,"Para Programar",$G$5:G296,">0"),"") | W296: =IF(OR(B296="",C296=""),"",B296&"|"&C296) -> N17 - N18|03 Base de asiento - Aporte de material base e=0,10 m | X296: 24
A297: AG-07 | B297: N17 - N18 | C297: 03 Base de asiento - Compactación | D297: m | E297: 24 | F297: =IF(E297="","",MIN(E297,$X297+SUMIFS('05_Parte_Diario'!$H$5:$H$204,'05_Parte_Diario'!$D$5:$D$204,B297,'05_Parte_Diario'!$E$5:$E$204,C297))) -> 0 | G297: =IF(E297="","",MAX(E297-F297,0)) -> 24 | H297: =IFERROR(F297/E297,0) -> 0 | I297: =IF(OR(B297="",C297="",$V$1=""),"",MIN(E297,SUMIFS('03_Planificacion'!$G$99:$G$178,'03_Planificacion'!$E$99:$E$178,B297,'03_Planificacion'!$F$99:$F$178,C297,'03_Planificacion'!$D$99:$D$178,"<="&$V$1))) -> 0 | J297: =IFERROR(I297/E297,0) -> 0 | K297: =IF(OR(E297="",$V$1=""),"",H297-J297) -> 0 | L297: Para Programar | M297: Preguntar si esta listo | P297: =IF(A297="","",$V$1) -> 46287 | Q297: Pasaje N°15 | R297: 110 | S297: Red distribuidora | T297: =IF(A297="","",IF(AND(L297="Para Programar",G297=0),"INCONSISTENCIA - REVISAR MANUALMENTE: Para Programar sin saldo",IF(AND(L297="Terminada",G297>0),"INCONSISTENCIA - REVISAR MANUALMENTE: Terminada con saldo",""))) | U297: =IF(AND(L297="Para Programar",G297>0),COUNTIFS($L$5:L297,"Para Programar",$G$5:G297,">0"),"") -> 51 | W297: =IF(OR(B297="",C297=""),"",B297&"|"&C297) -> N17 - N18|03 Base de asiento - Compactación | X297: 0
A298: HI-01 | B298: N17 - N18 | C298: 04 Inspecciones previas - Laboratorio base de asiento | D298: tramo | E298: 1 | F298: =IF(E298="","",MIN(E298,$X298+SUMIFS('05_Parte_Diario'!$H$5:$H$204,'05_Parte_Diario'!$D$5:$D$204,B298,'05_Parte_Diario'!$E$5:$E$204,C298))) -> 0 | G298: =IF(E298="","",MAX(E298-F298,0)) -> 1 | H298: =IFERROR(F298/E298,0) -> 0 | I298: =IF(OR(B298="",C298="",$V$1=""),"",MIN(E298,SUMIFS('03_Planificacion'!$G$99:$G$178,'03_Planificacion'!$E$99:$E$178,B298,'03_Planificacion'!$F$99:$F$178,C298,'03_Planificacion'!$D$99:$D$178,"<="&$V$1))) -> 0 | J298: =IFERROR(I298/E298,0) -> 0 | K298: =IF(OR(E298="",$V$1=""),"",H298-J298) -> 0 | L298: Para Programar | P298: =IF(A298="","",$V$1) -> 46287 | Q298: Pasaje N°15 | R298: 110 | S298: Red distribuidora | T298: =IF(A298="","",IF(AND(L298="Para Programar",G298=0),"INCONSISTENCIA - REVISAR MANUALMENTE: Para Programar sin saldo",IF(AND(L298="Terminada",G298>0),"INCONSISTENCIA - REVISAR MANUALMENTE: Terminada con saldo",""))) | U298: =IF(AND(L298="Para Programar",G298>0),COUNTIFS($L$5:L298,"Para Programar",$G$5:G298,">0"),"") -> 52 | W298: =IF(OR(B298="",C298=""),"",B298&"|"&C298) -> N17 - N18|04 Inspecciones previas - Laboratorio base de asiento | X298: 0
A299: HI-02 | B299: N17 - N18 | C299: 04 Inspecciones previas - Zanja y materiales | D299: tramo | E299: 1 | F299: =IF(E299="","",MIN(E299,$X299+SUMIFS('05_Parte_Diario'!$H$5:$H$204,'05_Parte_Diario'!$D$5:$D$204,B299,'05_Parte_Diario'!$E$5:$E$204,C299))) -> 0 | G299: =IF(E299="","",MAX(E299-F299,0)) -> 1 | H299: =IFERROR(F299/E299,0) -> 0 | I299: =IF(OR(B299="",C299="",$V$1=""),"",MIN(E299,SUMIFS('03_Planificacion'!$G$99:$G$178,'03_Planificacion'!$E$99:$E$178,B299,'03_Planificacion'!$F$99:$F$178,C299,'03_Planificacion'!$D$99:$D$178,"<="&$V$1))) -> 0 | J299: =IFERROR(I299/E299,0) -> 0 | K299: =IF(OR(E299="",$V$1=""),"",H299-J299) -> 0 | L299: Para Programar | P299: =IF(A299="","",$V$1) -> 46287 | Q299: Pasaje N°15 | R299: 110 | S299: Red distribuidora | T299: =IF(A299="","",IF(AND(L299="Para Programar",G299=0),"INCONSISTENCIA - REVISAR MANUALMENTE: Para Programar sin saldo",IF(AND(L299="Terminada",G299>0),"INCONSISTENCIA - REVISAR MANUALMENTE: Terminada con saldo",""))) | U299: =IF(AND(L299="Para Programar",G299>0),COUNTIFS($L$5:L299,"Para Programar",$G$5:G299,">0"),"") -> 53 | W299: =IF(OR(B299="",C299=""),"",B299&"|"&C299) -> N17 - N18|04 Inspecciones previas - Zanja y materiales | X299: 0
A300: AG-08 | B300: N17 - N18 | C300: 05 Tendido de cañería - Cañería principal | D300: m | E300: 24 | F300: =IF(E300="","",MIN(E300,$X300+SUMIFS('05_Parte_Diario'!$H$5:$H$204,'05_Parte_Diario'!$D$5:$D$204,B300,'05_Parte_Diario'!$E$5:$E$204,C300))) -> 0 | G300: =IF(E300="","",MAX(E300-F300,0)) -> 24 | H300: =IFERROR(F300/E300,0) -> 0 | I300: =IF(OR(B300="",C300="",$V$1=""),"",MIN(E300,SUMIFS('03_Planificacion'!$G$99:$G$178,'03_Planificacion'!$E$99:$E$178,B300,'03_Planificacion'!$F$99:$F$178,C300,'03_Planificacion'!$D$99:$D$178,"<="&$V$1))) -> 0 | J300: =IFERROR(I300/E300,0) -> 0 | K300: =IF(OR(E300="",$V$1=""),"",H300-J300) -> 0 | L300: Para Programar | P300: =IF(A300="","",$V$1) -> 46287 | Q300: Pasaje N°15 | R300: 110 | S300: Red distribuidora | T300: =IF(A300="","",IF(AND(L300="Para Programar",G300=0),"INCONSISTENCIA - REVISAR MANUALMENTE: Para Programar sin saldo",IF(AND(L300="Terminada",G300>0),"INCONSISTENCIA - REVISAR MANUALMENTE: Terminada con saldo",""))) | U300: =IF(AND(L300="Para Programar",G300>0),COUNTIFS($L$5:L300,"Para Programar",$G$5:G300,">0"),"") -> 54 | W300: =IF(OR(B300="",C300=""),"",B300&"|"&C300) -> N17 - N18|05 Tendido de cañería - Cañería principal | X300: 0
A301: AG-09 | B301: N17 - N18 | C301: 05 Tendido de cañería - Relevamiento planialtimétrico | D301: m | E301: 24 | F301: =IF(E301="","",MIN(E301,$X301+SUMIFS('05_Parte_Diario'!$H$5:$H$204,'05_Parte_Diario'!$D$5:$D$204,B301,'05_Parte_Diario'!$E$5:$E$204,C301))) -> 0 | G301: =IF(E301="","",MAX(E301-F301,0)) -> 24 | H301: =IFERROR(F301/E301,0) -> 0 | I301: =IF(OR(B301="",C301="",$V$1=""),"",MIN(E301,SUMIFS('03_Planificacion'!$G$99:$G$178,'03_Planificacion'!$E$99:$E$178,B301,'03_Planificacion'!$F$99:$F$178,C301,'03_Planificacion'!$D$99:$D$178,"<="&$V$1))) -> 0 | J301: =IFERROR(I301/E301,0) -> 0 | K301: =IF(OR(E301="",$V$1=""),"",H301-J301) -> 0 | L301: Para Programar | P301: =IF(A301="","",$V$1) -> 46287 | Q301: Pasaje N°15 | R301: 110 | S301: Red distribuidora | T301: =IF(A301="","",IF(AND(L301="Para Programar",G301=0),"INCONSISTENCIA - REVISAR MANUALMENTE: Para Programar sin saldo",IF(AND(L301="Terminada",G301>0),"INCONSISTENCIA - REVISAR MANUALMENTE: Terminada con saldo",""))) | U301: =IF(AND(L301="Para Programar",G301>0),COUNTIFS($L$5:L301,"Para Programar",$G$5:G301,">0"),"") -> 55 | W301: =IF(OR(B301="",C301=""),"",B301&"|"&C301) -> N17 - N18|05 Tendido de cañería - Relevamiento planialtimétrico | X301: 0
A302: AG-17 | B302: N17 - N18 | C302: 08 Prueba hidráulica - Preparación del sistema | D302: tramo | E302: 1 | F302: =IF(E302="","",MIN(E302,$X302+SUMIFS('05_Parte_Diario'!$H$5:$H$204,'05_Parte_Diario'!$D$5:$D$204,B302,'05_Parte_Diario'!$E$5:$E$204,C302))) -> 0 | G302: =IF(E302="","",MAX(E302-F302,0)) -> 1 | H302: =IFERROR(F302/E302,0) -> 0 | I302: =IF(OR(B302="",C302="",$V$1=""),"",MIN(E302,SUMIFS('03_Planificacion'!$G$99:$G$178,'03_Planificacion'!$E$99:$E$178,B302,'03_Planificacion'!$F$99:$F$178,C302,'03_Planificacion'!$D$99:$D$178,"<="&$V$1))) -> 0 | J302: =IFERROR(I302/E302,0) -> 0 | K302: =IF(OR(E302="",$V$1=""),"",H302-J302) -> 0 | L302: Para Programar | P302: =IF(A302="","",$V$1) -> 46287 | Q302: Pasaje N°15 | R302: 110 | S302: Red distribuidora | T302: =IF(A302="","",IF(AND(L302="Para Programar",G302=0),"INCONSISTENCIA - REVISAR MANUALMENTE: Para Programar sin saldo",IF(AND(L302="Terminada",G302>0),"INCONSISTENCIA - REVISAR MANUALMENTE: Terminada con saldo",""))) | U302: =IF(AND(L302="Para Programar",G302>0),COUNTIFS($L$5:L302,"Para Programar",$G$5:G302,">0"),"") -> 56 | W302: =IF(OR(B302="",C302=""),"",B302&"|"&C302) -> N17 - N18|08 Prueba hidráulica - Preparación del sistema | X302: 0
A303: AG-18 | B303: N17 - N18 | C303: 08 Prueba hidráulica - Interna N° 1 | D303: tramo | E303: 1 | F303: =IF(E303="","",MIN(E303,$X303+SUMIFS('05_Parte_Diario'!$H$5:$H$204,'05_Parte_Diario'!$D$5:$D$204,B303,'05_Parte_Diario'!$E$5:$E$204,C303))) -> 0 | G303: =IF(E303="","",MAX(E303-F303,0)) -> 1 | H303: =IFERROR(F303/E303,0) -> 0 | I303: =IF(OR(B303="",C303="",$V$1=""),"",MIN(E303,SUMIFS('03_Planificacion'!$G$99:$G$178,'03_Planificacion'!$E$99:$E$178,B303,'03_Planificacion'!$F$99:$F$178,C303,'03_Planificacion'!$D$99:$D$178,"<="&$V$1))) -> 0 | J303: =IFERROR(I303/E303,0) -> 0 | K303: =IF(OR(E303="",$V$1=""),"",H303-J303) -> 0 | L303: Para Programar | P303: =IF(A303="","",$V$1) -> 46287 | Q303: Pasaje N°15 | R303: 110 | S303: Red distribuidora | T303: =IF(A303="","",IF(AND(L303="Para Programar",G303=0),"INCONSISTENCIA - REVISAR MANUALMENTE: Para Programar sin saldo",IF(AND(L303="Terminada",G303>0),"INCONSISTENCIA - REVISAR MANUALMENTE: Terminada con saldo",""))) | U303: =IF(AND(L303="Para Programar",G303>0),COUNTIFS($L$5:L303,"Para Programar",$G$5:G303,">0"),"") -> 57 | W303: =IF(OR(B303="",C303=""),"",B303&"|"&C303) -> N17 - N18|08 Prueba hidráulica - Interna N° 1 | X303: 0
A304: AG-19 | B304: N17 - N18 | C304: 08 Prueba hidráulica - Interna N° 2 | D304: tramo | E304: 1 | F304: =IF(E304="","",MIN(E304,$X304+SUMIFS('05_Parte_Diario'!$H$5:$H$204,'05_Parte_Diario'!$D$5:$D$204,B304,'05_Parte_Diario'!$E$5:$E$204,C304))) -> 0 | G304: =IF(E304="","",MAX(E304-F304,0)) -> 1 | H304: =IFERROR(F304/E304,0) -> 0 | I304: =IF(OR(B304="",C304="",$V$1=""),"",MIN(E304,SUMIFS('03_Planificacion'!$G$99:$G$178,'03_Planificacion'!$E$99:$E$178,B304,'03_Planificacion'!$F$99:$F$178,C304,'03_Planificacion'!$D$99:$D$178,"<="&$V$1))) -> 0 | J304: =IFERROR(I304/E304,0) -> 0 | K304: =IF(OR(E304="",$V$1=""),"",H304-J304) -> 0 | L304: No iniciada | P304: =IF(A304="","",$V$1) -> 46287 | Q304: Pasaje N°15 | R304: 110 | S304: Red distribuidora | T304: =IF(A304="","",IF(AND(L304="Para Programar",G304=0),"INCONSISTENCIA - REVISAR MANUALMENTE: Para Programar sin saldo",IF(AND(L304="Terminada",G304>0),"INCONSISTENCIA - REVISAR MANUALMENTE: Terminada con saldo",""))) | U304: =IF(AND(L304="Para Programar",G304>0),COUNTIFS($L$5:L304,"Para Programar",$G$5:G304,">0"),"") | W304: =IF(OR(B304="",C304=""),"",B304&"|"&C304) -> N17 - N18|08 Prueba hidráulica - Interna N° 2 | X304: 0
A305: HI-03 | B305: N17 - N18 | C305: 08 Prueba hidráulica - Primera prueba oficial | D305: tramo | E305: 1 | F305: =IF(E305="","",MIN(E305,$X305+SUMIFS('05_Parte_Diario'!$H$5:$H$204,'05_Parte_Diario'!$D$5:$D$204,B305,'05_Parte_Diario'!$E$5:$E$204,C305))) -> 0 | G305: =IF(E305="","",MAX(E305-F305,0)) -> 1 | H305: =IFERROR(F305/E305,0) -> 0 | I305: =IF(OR(B305="",C305="",$V$1=""),"",MIN(E305,SUMIFS('03_Planificacion'!$G$99:$G$178,'03_Planificacion'!$E$99:$E$178,B305,'03_Planificacion'!$F$99:$F$178,C305,'03_Planificacion'!$D$99:$D$178,"<="&$V$1))) -> 0 | J305: =IFERROR(I305/E305,0) -> 0 | K305: =IF(OR(E305="",$V$1=""),"",H305-J305) -> 0 | L305: No iniciada | P305: =IF(A305="","",$V$1) -> 46287 | Q305: Pasaje N°15 | R305: 110 | S305: Red distribuidora | T305: =IF(A305="","",IF(AND(L305="Para Programar",G305=0),"INCONSISTENCIA - REVISAR MANUALMENTE: Para Programar sin saldo",IF(AND(L305="Terminada",G305>0),"INCONSISTENCIA - REVISAR MANUALMENTE: Terminada con saldo",""))) | U305: =IF(AND(L305="Para Programar",G305>0),COUNTIFS($L$5:L305,"Para Programar",$G$5:G305,">0"),"") | W305: =IF(OR(B305="",C305=""),"",B305&"|"&C305) -> N17 - N18|08 Prueba hidráulica - Primera prueba oficial | X305: 0
A306: AG-20 | B306: N17 - N18 | C306: 09 Paquete estructural - Aporte e=0,30 m | D306: m | E306: 24 | F306: =IF(E306="","",MIN(E306,$X306+SUMIFS('05_Parte_Diario'!$H$5:$H$204,'05_Parte_Diario'!$D$5:$D$204,B306,'05_Parte_Diario'!$E$5:$E$204,C306))) -> 0 | G306: =IF(E306="","",MAX(E306-F306,0)) -> 24 | H306: =IFERROR(F306/E306,0) -> 0 | I306: =IF(OR(B306="",C306="",$V$1=""),"",MIN(E306,SUMIFS('03_Planificacion'!$G$99:$G$178,'03_Planificacion'!$E$99:$E$178,B306,'03_Planificacion'!$F$99:$F$178,C306,'03_Planificacion'!$D$99:$D$178,"<="&$V$1))) -> 0 | J306: =IFERROR(I306/E306,0) -> 0 | K306: =IF(OR(E306="",$V$1=""),"",H306-J306) -> 0 | L306: No iniciada | P306: =IF(A306="","",$V$1) -> 46287 | Q306: Pasaje N°15 | R306: 110 | S306: Red distribuidora | T306: =IF(A306="","",IF(AND(L306="Para Programar",G306=0),"INCONSISTENCIA - REVISAR MANUALMENTE: Para Programar sin saldo",IF(AND(L306="Terminada",G306>0),"INCONSISTENCIA - REVISAR MANUALMENTE: Terminada con saldo",""))) | U306: =IF(AND(L306="Para Programar",G306>0),COUNTIFS($L$5:L306,"Para Programar",$G$5:G306,">0"),"") | W306: =IF(OR(B306="",C306=""),"",B306&"|"&C306) -> N17 - N18|09 Paquete estructural - Aporte e=0,30 m | X306: 0
A307: AG-21 | B307: N17 - N18 | C307: 09 Paquete estructural - Compactación | D307: m | E307: 24 | F307: =IF(E307="","",MIN(E307,$X307+SUMIFS('05_Parte_Diario'!$H$5:$H$204,'05_Parte_Diario'!$D$5:$D$204,B307,'05_Parte_Diario'!$E$5:$E$204,C307))) -> 0 | G307: =IF(E307="","",MAX(E307-F307,0)) -> 24 | H307: =IFERROR(F307/E307,0) -> 0 | I307: =IF(OR(B307="",C307="",$V$1=""),"",MIN(E307,SUMIFS('03_Planificacion'!$G$99:$G$178,'03_Planificacion'!$E$99:$E$178,B307,'03_Planificacion'!$F$99:$F$178,C307,'03_Planificacion'!$D$99:$D$178,"<="&$V$1))) -> 0 | J307: =IFERROR(I307/E307,0) -> 0 | K307: =IF(OR(E307="",$V$1=""),"",H307-J307) -> 0 | L307: No iniciada | P307: =IF(A307="","",$V$1) -> 46287 | Q307: Pasaje N°15 | R307: 110 | S307: Red distribuidora | T307: =IF(A307="","",IF(AND(L307="Para Programar",G307=0),"INCONSISTENCIA - REVISAR MANUALMENTE: Para Programar sin saldo",IF(AND(L307="Terminada",G307>0),"INCONSISTENCIA - REVISAR MANUALMENTE: Terminada con saldo",""))) | U307: =IF(AND(L307="Para Programar",G307>0),COUNTIFS($L$5:L307,"Para Programar",$G$5:G307,">0"),"") | W307: =IF(OR(B307="",C307=""),"",B307&"|"&C307) -> N17 - N18|09 Paquete estructural - Compactación | X307: 0
A308: HI-04 | B308: N17 - N18 | C308: 09 Paquete estructural - Inspección laboratorio | D308: tramo | E308: 1 | F308: =IF(E308="","",MIN(E308,$X308+SUMIFS('05_Parte_Diario'!$H$5:$H$204,'05_Parte_Diario'!$D$5:$D$204,B308,'05_Parte_Diario'!$E$5:$E$204,C308))) -> 0 | G308: =IF(E308="","",MAX(E308-F308,0)) -> 1 | H308: =IFERROR(F308/E308,0) -> 0 | I308: =IF(OR(B308="",C308="",$V$1=""),"",MIN(E308,SUMIFS('03_Planificacion'!$G$99:$G$178,'03_Planificacion'!$E$99:$E$178,B308,'03_Planificacion'!$F$99:$F$178,C308,'03_Planificacion'!$D$99:$D$178,"<="&$V$1))) -> 0 | J308: =IFERROR(I308/E308,0) -> 0 | K308: =IF(OR(E308="",$V$1=""),"",H308-J308) -> 0 | L308: No iniciada | P308: =IF(A308="","",$V$1) -> 46287 | Q308: Pasaje N°15 | R308: 110 | S308: Red distribuidora | T308: =IF(A308="","",IF(AND(L308="Para Programar",G308=0),"INCONSISTENCIA - REVISAR MANUALMENTE: Para Programar sin saldo",IF(AND(L308="Terminada",G308>0),"INCONSISTENCIA - REVISAR MANUALMENTE: Terminada con saldo",""))) | U308: =IF(AND(L308="Para Programar",G308>0),COUNTIFS($L$5:L308,"Para Programar",$G$5:G308,">0"),"") | W308: =IF(OR(B308="",C308=""),"",B308&"|"&C308) -> N17 - N18|09 Paquete estructural - Inspección laboratorio | X308: 0
A309: AG-22 | B309: N17 - N18 | C309: 10 Relleno -0,60 - Conformación de capa | D309: m | E309: 24 | F309: =IF(E309="","",MIN(E309,$X309+SUMIFS('05_Parte_Diario'!$H$5:$H$204,'05_Parte_Diario'!$D$5:$D$204,B309,'05_Parte_Diario'!$E$5:$E$204,C309))) -> 0 | G309: =IF(E309="","",MAX(E309-F309,0)) -> 24 | H309: =IFERROR(F309/E309,0) -> 0 | I309: =IF(OR(B309="",C309="",$V$1=""),"",MIN(E309,SUMIFS('03_Planificacion'!$G$99:$G$178,'03_Planificacion'!$E$99:$E$178,B309,'03_Planificacion'!$F$99:$F$178,C309,'03_Planificacion'!$D$99:$D$178,"<="&$V$1))) -> 0 | J309: =IFERROR(I309/E309,0) -> 0 | K309: =IF(OR(E309="",$V$1=""),"",H309-J309) -> 0 | L309: No iniciada | P309: =IF(A309="","",$V$1) -> 46287 | Q309: Pasaje N°15 | R309: 110 | S309: Red distribuidora | T309: =IF(A309="","",IF(AND(L309="Para Programar",G309=0),"INCONSISTENCIA - REVISAR MANUALMENTE: Para Programar sin saldo",IF(AND(L309="Terminada",G309>0),"INCONSISTENCIA - REVISAR MANUALMENTE: Terminada con saldo",""))) | U309: =IF(AND(L309="Para Programar",G309>0),COUNTIFS($L$5:L309,"Para Programar",$G$5:G309,">0"),"") | W309: =IF(OR(B309="",C309=""),"",B309&"|"&C309) -> N17 - N18|10 Relleno -0,60 - Conformación de capa | X309: 0
... A771: AG-27 | B771: N28 - N29 | C771: 11 Relleno -0,30 - Compactación | D771: m | E771: 100 | F771: =IF(E771="","",MIN(E771,$X771+SUMIFS('05_Parte_Diario'!$H$5:$H$204,'05_Parte_Diario'!$D$5:$D$204,B771,'05_Parte_Diario'!$E$5:$E$204,C771))) -> 0 | G771: =IF(E771="","",MAX(E771-F771,0)) -> 100 | H771: =IFERROR(F771/E771,0) -> 0 | I771: =IF(OR(B771="",C771="",$V$1=""),"",MIN(E771,SUMIFS('03_Planificacion'!$G$99:$G$178,'03_Planificacion'!$E$99:$E$178,B771,'03_Planificacion'!$F$99:$F$178,C771,'03_Planificacion'!$D$99:$D$178,"<="&$V$1))) -> 0 | J771: =IFERROR(I771/E771,0) -> 0 | K771: =IF(OR(E771="",$V$1=""),"",H771-J771) -> 0 | L771: Terminada | P771: =IF(A771="","",$V$1) -> 46287 | Q771: Pasaje N°8 | R771: 75 | S771: Red distribuidora | T771: =IF(A771="","",IF(AND(L771="Para Programar",G771=0),"INCONSISTENCIA - REVISAR MANUALMENTE: Para Programar sin saldo",IF(AND(L771="Terminada",G771>0),"INCONSISTENCIA - REVISAR MANUALMENTE: Terminada con saldo",""))) -> INCONSISTENCIA - REVISAR MANUALMENTE: Terminada con saldo | U771: =IF(AND(L771="Para Programar",G771>0),COUNTIFS($L$5:L771,"Para Programar",$G$5:G771,">0"),"") | W771: =IF(OR(B771="",C771=""),"",B771&"|"&C771) -> N28 - N29|11 Relleno -0,30 - Compactación | X771: 0
A772: HI-06 | B772: N28 - N29 | C772: 11 Relleno -0,30 - Inspección laboratorio | D772: tramo | E772: 1 | F772: 1 | G772: =IF(E772="","",MAX(E772-F772,0)) -> 0 | H772: =IFERROR(F772/E772,0) -> 1 | I772: =IF(OR(B772="",C772="",$V$1=""),"",MIN(E772,SUMIFS('03_Planificacion'!$G$99:$G$178,'03_Planificacion'!$E$99:$E$178,B772,'03_Planificacion'!$F$99:$F$178,C772,'03_Planificacion'!$D$99:$D$178,"<="&$V$1))) -> 0 | J772: =IFERROR(I772/E772,0) -> 0 | K772: =IF(OR(E772="",$V$1=""),"",H772-J772) -> 1 | L772: Terminada | P772: =IF(A772="","",$V$1) -> 46287 | Q772: Pasaje N°8 | R772: 75 | S772: Red distribuidora | T772: =IF(A772="","",IF(AND(L772="Para Programar",G772=0),"INCONSISTENCIA - REVISAR MANUALMENTE: Para Programar sin saldo",IF(AND(L772="Terminada",G772>0),"INCONSISTENCIA - REVISAR MANUALMENTE: Terminada con saldo",""))) | U772: =IF(AND(L772="Para Programar",G772>0),COUNTIFS($L$5:L772,"Para Programar",$G$5:G772,">0"),"") | W772: =IF(OR(B772="",C772=""),"",B772&"|"&C772) -> N28 - N29|11 Relleno -0,30 - Inspección laboratorio | X772: 0
A773: AG-01 | B773: N29 - N30 | C773: 01 Replanteo - Marcación de tramo de cañería principal | D773: m | E773: 106 | F773: =IF(E773="","",MIN(E773,$X773+SUMIFS('05_Parte_Diario'!$H$5:$H$204,'05_Parte_Diario'!$D$5:$D$204,B773,'05_Parte_Diario'!$E$5:$E$204,C773))) -> 106 | G773: =IF(E773="","",MAX(E773-F773,0)) -> 0 | H773: =IFERROR(F773/E773,0) -> 1 | I773: =IF(OR(B773="",C773="",$V$1=""),"",MIN(E773,SUMIFS('03_Planificacion'!$G$99:$G$178,'03_Planificacion'!$E$99:$E$178,B773,'03_Planificacion'!$F$99:$F$178,C773,'03_Planificacion'!$D$99:$D$178,"<="&$V$1))) -> 0 | J773: =IFERROR(I773/E773,0) -> 0 | K773: =IF(OR(E773="",$V$1=""),"",H773-J773) -> 1 | L773: Terminada | P773: =IF(A773="","",$V$1) -> 46287 | Q773: Pasaje N°8 | R773: 75 | S773: Red distribuidora | T773: =IF(A773="","",IF(AND(L773="Para Programar",G773=0),"INCONSISTENCIA - REVISAR MANUALMENTE: Para Programar sin saldo",IF(AND(L773="Terminada",G773>0),"INCONSISTENCIA - REVISAR MANUALMENTE: Terminada con saldo",""))) | U773: =IF(AND(L773="Para Programar",G773>0),COUNTIFS($L$5:L773,"Para Programar",$G$5:G773,">0"),"") | W773: =IF(OR(B773="",C773=""),"",B773&"|"&C773) -> N29 - N30|01 Replanteo - Marcación de tramo de cañería principal | X773: 106
A774: AG-03 | B774: N29 - N30 | C774: 02 Excavación - Zanja principal | D774: m | E774: 106 | F774: =IF(E774="","",MIN(E774,$X774+SUMIFS('05_Parte_Diario'!$H$5:$H$204,'05_Parte_Diario'!$D$5:$D$204,B774,'05_Parte_Diario'!$E$5:$E$204,C774))) -> 106 | G774: =IF(E774="","",MAX(E774-F774,0)) -> 0 | H774: =IFERROR(F774/E774,0) -> 1 | I774: =IF(OR(B774="",C774="",$V$1=""),"",MIN(E774,SUMIFS('03_Planificacion'!$G$99:$G$178,'03_Planificacion'!$E$99:$E$178,B774,'03_Planificacion'!$F$99:$F$178,C774,'03_Planificacion'!$D$99:$D$178,"<="&$V$1))) -> 0 | J774: =IFERROR(I774/E774,0) -> 0 | K774: =IF(OR(E774="",$V$1=""),"",H774-J774) -> 1 | L774: Terminada | P774: =IF(A774="","",$V$1) -> 46287 | Q774: Pasaje N°8 | R774: 75 | S774: Red distribuidora | T774: =IF(A774="","",IF(AND(L774="Para Programar",G774=0),"INCONSISTENCIA - REVISAR MANUALMENTE: Para Programar sin saldo",IF(AND(L774="Terminada",G774>0),"INCONSISTENCIA - REVISAR MANUALMENTE: Terminada con saldo",""))) | U774: =IF(AND(L774="Para Programar",G774>0),COUNTIFS($L$5:L774,"Para Programar",$G$5:G774,">0"),"") | W774: =IF(OR(B774="",C774=""),"",B774&"|"&C774) -> N29 - N30|02 Excavación - Zanja principal | X774: 106
A775: AG-05 | B775: N29 - N30 | C775: 03 Base de asiento - Nivelación de fondo de zanja | D775: m | E775: 106 | F775: =IF(E775="","",MIN(E775,$X775+SUMIFS('05_Parte_Diario'!$H$5:$H$204,'05_Parte_Diario'!$D$5:$D$204,B775,'05_Parte_Diario'!$E$5:$E$204,C775))) -> 106 | G775: =IF(E775="","",MAX(E775-F775,0)) -> 0 | H775: =IFERROR(F775/E775,0) -> 1 | I775: =IF(OR(B775="",C775="",$V$1=""),"",MIN(E775,SUMIFS('03_Planificacion'!$G$99:$G$178,'03_Planificacion'!$E$99:$E$178,B775,'03_Planificacion'!$F$99:$F$178,C775,'03_Planificacion'!$D$99:$D$178,"<="&$V$1))) -> 0 | J775: =IFERROR(I775/E775,0) -> 0 | K775: =IF(OR(E775="",$V$1=""),"",H775-J775) -> 1 | L775: Terminada | P775: =IF(A775="","",$V$1) -> 46287 | Q775: Pasaje N°8 | R775: 75 | S775: Red distribuidora | T775: =IF(A775="","",IF(AND(L775="Para Programar",G775=0),"INCONSISTENCIA - REVISAR MANUALMENTE: Para Programar sin saldo",IF(AND(L775="Terminada",G775>0),"INCONSISTENCIA - REVISAR MANUALMENTE: Terminada con saldo",""))) | U775: =IF(AND(L775="Para Programar",G775>0),COUNTIFS($L$5:L775,"Para Programar",$G$5:G775,">0"),"") | W775: =IF(OR(B775="",C775=""),"",B775&"|"&C775) -> N29 - N30|03 Base de asiento - Nivelación de fondo de zanja | X775: 106
A776: AG-06 | B776: N29 - N30 | C776: 03 Base de asiento - Aporte de material base e=0,10 m | D776: m | E776: 106 | F776: =IF(E776="","",MIN(E776,$X776+SUMIFS('05_Parte_Diario'!$H$5:$H$204,'05_Parte_Diario'!$D$5:$D$204,B776,'05_Parte_Diario'!$E$5:$E$204,C776))) -> 106 | G776: =IF(E776="","",MAX(E776-F776,0)) -> 0 | H776: =IFERROR(F776/E776,0) -> 1 | I776: =IF(OR(B776="",C776="",$V$1=""),"",MIN(E776,SUMIFS('03_Planificacion'!$G$99:$G$178,'03_Planificacion'!$E$99:$E$178,B776,'03_Planificacion'!$F$99:$F$178,C776,'03_Planificacion'!$D$99:$D$178,"<="&$V$1))) -> 0 | J776: =IFERROR(I776/E776,0) -> 0 | K776: =IF(OR(E776="",$V$1=""),"",H776-J776) -> 1 | L776: Terminada | P776: =IF(A776="","",$V$1) -> 46287 | Q776: Pasaje N°8 | R776: 75 | S776: Red distribuidora | T776: =IF(A776="","",IF(AND(L776="Para Programar",G776=0),"INCONSISTENCIA - REVISAR MANUALMENTE: Para Programar sin saldo",IF(AND(L776="Terminada",G776>0),"INCONSISTENCIA - REVISAR MANUALMENTE: Terminada con saldo",""))) | U776: =IF(AND(L776="Para Programar",G776>0),COUNTIFS($L$5:L776,"Para Programar",$G$5:G776,">0"),"") | W776: =IF(OR(B776="",C776=""),"",B776&"|"&C776) -> N29 - N30|03 Base de asiento - Aporte de material base e=0,10 m | X776: 106
A777: AG-07 | B777: N29 - N30 | C777: 03 Base de asiento - Compactación | D777: m | E777: 106 | F777: =IF(E777="","",MIN(E777,$X777+SUMIFS('05_Parte_Diario'!$H$5:$H$204,'05_Parte_Diario'!$D$5:$D$204,B777,'05_Parte_Diario'!$E$5:$E$204,C777))) -> 106 | G777: =IF(E777="","",MAX(E777-F777,0)) -> 0 | H777: =IFERROR(F777/E777,0) -> 1 | I777: =IF(OR(B777="",C777="",$V$1=""),"",MIN(E777,SUMIFS('03_Planificacion'!$G$99:$G$178,'03_Planificacion'!$E$99:$E$178,B777,'03_Planificacion'!$F$99:$F$178,C777,'03_Planificacion'!$D$99:$D$178,"<="&$V$1))) -> 0 | J777: =IFERROR(I777/E777,0) -> 0 | K777: =IF(OR(E777="",$V$1=""),"",H777-J777) -> 1 | L777: Terminada | P777: =IF(A777="","",$V$1) -> 46287 | Q777: Pasaje N°8 | R777: 75 | S777: Red distribuidora | T777: =IF(A777="","",IF(AND(L777="Para Programar",G777=0),"INCONSISTENCIA - REVISAR MANUALMENTE: Para Programar sin saldo",IF(AND(L777="Terminada",G777>0),"INCONSISTENCIA - REVISAR MANUALMENTE: Terminada con saldo",""))) | U777: =IF(AND(L777="Para Programar",G777>0),COUNTIFS($L$5:L777,"Para Programar",$G$5:G777,">0"),"") | W777: =IF(OR(B777="",C777=""),"",B777&"|"&C777) -> N29 - N30|03 Base de asiento - Compactación | X777: 106
A778: HI-01 | B778: N29 - N30 | C778: 04 Inspecciones previas - Laboratorio base de asiento | D778: tramo | E778: 1 | F778: =IF(E778="","",MIN(E778,$X778+SUMIFS('05_Parte_Diario'!$H$5:$H$204,'05_Parte_Diario'!$D$5:$D$204,B778,'05_Parte_Diario'!$E$5:$E$204,C778))) -> 1 | G778: =IF(E778="","",MAX(E778-F778,0)) -> 0 | H778: =IFERROR(F778/E778,0) -> 1 | I778: =IF(OR(B778="",C778="",$V$1=""),"",MIN(E778,SUMIFS('03_Planificacion'!$G$99:$G$178,'03_Planificacion'!$E$99:$E$178,B778,'03_Planificacion'!$F$99:$F$178,C778,'03_Planificacion'!$D$99:$D$178,"<="&$V$1))) -> 0 | J778: =IFERROR(I778/E778,0) -> 0 | K778: =IF(OR(E778="",$V$1=""),"",H778-J778) -> 1 | L778: Terminada | P778: =IF(A778="","",$V$1) -> 46287 | Q778: Pasaje N°8 | R778: 75 | S778: Red distribuidora | T778: =IF(A778="","",IF(AND(L778="Para Programar",G778=0),"INCONSISTENCIA - REVISAR MANUALMENTE: Para Programar sin saldo",IF(AND(L778="Terminada",G778>0),"INCONSISTENCIA - REVISAR MANUALMENTE: Terminada con saldo",""))) | U778: =IF(AND(L778="Para Programar",G778>0),COUNTIFS($L$5:L778,"Para Programar",$G$5:G778,">0"),"") | W778: =IF(OR(B778="",C778=""),"",B778&"|"&C778) -> N29 - N30|04 Inspecciones previas - Laboratorio base de asiento | X778: 1
A779: HI-02 | B779: N29 - N30 | C779: 04 Inspecciones previas - Zanja y materiales | D779: tramo | E779: 1 | F779: =IF(E779="","",MIN(E779,$X779+SUMIFS('05_Parte_Diario'!$H$5:$H$204,'05_Parte_Diario'!$D$5:$D$204,B779,'05_Parte_Diario'!$E$5:$E$204,C779))) -> 1 | G779: =IF(E779="","",MAX(E779-F779,0)) -> 0 | H779: =IFERROR(F779/E779,0) -> 1 | I779: =IF(OR(B779="",C779="",$V$1=""),"",MIN(E779,SUMIFS('03_Planificacion'!$G$99:$G$178,'03_Planificacion'!$E$99:$E$178,B779,'03_Planificacion'!$F$99:$F$178,C779,'03_Planificacion'!$D$99:$D$178,"<="&$V$1))) -> 0 | J779: =IFERROR(I779/E779,0) -> 0 | K779: =IF(OR(E779="",$V$1=""),"",H779-J779) -> 1 | L779: Terminada | P779: =IF(A779="","",$V$1) -> 46287 | Q779: Pasaje N°8 | R779: 75 | S779: Red distribuidora | T779: =IF(A779="","",IF(AND(L779="Para Programar",G779=0),"INCONSISTENCIA - REVISAR MANUALMENTE: Para Programar sin saldo",IF(AND(L779="Terminada",G779>0),"INCONSISTENCIA - REVISAR MANUALMENTE: Terminada con saldo",""))) | U779: =IF(AND(L779="Para Programar",G779>0),COUNTIFS($L$5:L779,"Para Programar",$G$5:G779,">0"),"") | W779: =IF(OR(B779="",C779=""),"",B779&"|"&C779) -> N29 - N30|04 Inspecciones previas - Zanja y materiales | X779: 1
...

Sheet 02_Para_Programar
A1: ECAR | OBRA ROQUE — PARA PROGRAMAR
A2: Bandeja automática: sólo actividades de 01_Estado_Actual con Estado = Para Programar y Saldo > 0.
A3: Cantidad válida Para Programar | B3: =COUNTIFS('01_Estado_Actual'!$L$5:$L$1204,"Para Programar",'01_Estado_Actual'!$G$5:$G$1204,">0") -> 144
A4: ID PP | B4: Sector / Tramo | C4: Código | D4: Actividad | E4: Unidad | F4: Saldo | G4: Pasaje / Calle | H4: Ø (mm) | I4: Prioridad | J4: Responsable | K4: En Plan Maestro? | L4: Restricción / Observación | N4: Clave PP
A5: {=IF(B5="","","PP-"&1)} -> PP-1 | B5: N10 - N15 | C5: AG-03 | D5: 02 Excavación - Zanja principal | E5: m | F5: 56 | G5: Pasaje N°2 | H5: 110 | I5: 0 | J5: 0 | K5: =IF(A5="","",IF(COUNTIFS('03_Planificacion'!$B$5:$B$84,B5,'03_Planificacion'!$C$5:$C$84,D5)>0,"SÍ","NO")) -> NO | L5: {=_xlfn._xlws.FILTER('01_Estado_Actual'!$M$5:$M$1204,('01_Estado_Actual'!$L$5:$L$1204="Para Programar")*('01_Estado_Actual'!$G$5:$G$1204>0),"")} -> 0 | N5: =IF(B5="","",B5&"|"&D5) -> N10 - N15|02 Excavación - Zanja principal
A6: PP-2 | B6: N10 - N15 | C6: AG-05 | D6: 03 Base de asiento - Nivelación de fondo de zanja | E6: m | F6: 81 | G6: Pasaje N°2 | H6: 110 | I6: 0 | J6: 0 | K6: =IF(A6="","",IF(COUNTIFS('03_Planificacion'!$B$5:$B$84,B6,'03_Planificacion'!$C$5:$C$84,D6)>0,"SÍ","NO")) -> NO | L6: 0 | N6: =IF(B6="","",B6&"|"&D6) -> N10 - N15|03 Base de asiento - Nivelación de fondo de zanja
A7: PP-3 | B7: N10 - N15 | C7: AG-06 | D7: 03 Base de asiento - Aporte de material base e=0,10 m | E7: m | F7: 81 | G7: Pasaje N°2 | H7: 110 | I7: 0 | J7: 0 | K7: =IF(A7="","",IF(COUNTIFS('03_Planificacion'!$B$5:$B$84,B7,'03_Planificacion'!$C$5:$C$84,D7)>0,"SÍ","NO")) -> NO | L7: 0 | N7: =IF(B7="","",B7&"|"&D7) -> N10 - N15|03 Base de asiento - Aporte de material base e=0,10 m
A8: PP-4 | B8: N10 - N15 | C8: AG-07 | D8: 03 Base de asiento - Compactación | E8: m | F8: 81 | G8: Pasaje N°2 | H8: 110 | I8: Alta | J8: 0 | K8: =IF(A8="","",IF(COUNTIFS('03_Planificacion'!$B$5:$B$84,B8,'03_Planificacion'!$C$5:$C$84,D8)>0,"SÍ","NO")) -> NO | L8: 0 | N8: =IF(B8="","",B8&"|"&D8) -> N10 - N15|03 Base de asiento - Compactación
A9: PP-5 | B9: N10 - N15 | C9: HI-01 | D9: 04 Inspecciones previas - Laboratorio base de asiento | E9: tramo | F9: 1 | G9: Pasaje N°2 | H9: 110 | I9: 0 | J9: 0 | K9: =IF(A9="","",IF(COUNTIFS('03_Planificacion'!$B$5:$B$84,B9,'03_Planificacion'!$C$5:$C$84,D9)>0,"SÍ","NO")) -> NO | L9: 0 | N9: =IF(B9="","",B9&"|"&D9) -> N10 - N15|04 Inspecciones previas - Laboratorio base de asiento
A10: PP-6 | B10: N10 - N15 | C10: HI-02 | D10: 04 Inspecciones previas - Zanja y materiales | E10: tramo | F10: 1 | G10: Pasaje N°2 | H10: 110 | I10: 0 | J10: 0 | K10: =IF(A10="","",IF(COUNTIFS('03_Planificacion'!$B$5:$B$84,B10,'03_Planificacion'!$C$5:$C$84,D10)>0,"SÍ","NO")) -> NO | L10: 0 | N10: =IF(B10="","",B10&"|"&D10) -> N10 - N15|04 Inspecciones previas - Zanja y materiales
A11: PP-7 | B11: N10 - N15 | C11: AG-08 | D11: 05 Tendido de cañería - Cañería principal | E11: m | F11: 81 | G11: Pasaje N°2 | H11: 110 | I11: 0 | J11: 0 | K11: =IF(A11="","",IF(COUNTIFS('03_Planificacion'!$B$5:$B$84,B11,'03_Planificacion'!$C$5:$C$84,D11)>0,"SÍ","NO")) -> NO | L11: 0 | N11: =IF(B11="","",B11&"|"&D11) -> N10 - N15|05 Tendido de cañería - Cañería principal
A12: PP-8 | B12: N10 - N15 | C12: AG-09 | D12: 05 Tendido de cañería - Relevamiento planialtimétrico | E12: m | F12: 81 | G12: Pasaje N°2 | H12: 110 | I12: 0 | J12: 0 | K12: =IF(A12="","",IF(COUNTIFS('03_Planificacion'!$B$5:$B$84,B12,'03_Planificacion'!$C$5:$C$84,D12)>0,"SÍ","NO")) -> NO | L12: 0 | N12: =IF(B12="","",B12&"|"&D12) -> N10 - N15|05 Tendido de cañería - Relevamiento planialtimétrico
A13: PP-9 | B13: N10 - N15 | C13: AG-17 | D13: 08 Prueba hidráulica - Preparación del sistema | E13: tramo | F13: 1 | G13: Pasaje N°2 | H13: 110 | I13: 0 | J13: 0 | K13: =IF(A13="","",IF(COUNTIFS('03_Planificacion'!$B$5:$B$84,B13,'03_Planificacion'!$C$5:$C$84,D13)>0,"SÍ","NO")) -> NO | L13: 0 | N13: =IF(B13="","",B13&"|"&D13) -> N10 - N15|08 Prueba hidráulica - Preparación del sistema
A14: PP-10 | B14: N10 - N15 | C14: AG-18 | D14: 08 Prueba hidráulica - Interna N° 1 | E14: tramo | F14: 1 | G14: Pasaje N°2 | H14: 110 | I14: 0 | J14: 0 | K14: =IF(A14="","",IF(COUNTIFS('03_Planificacion'!$B$5:$B$84,B14,'03_Planificacion'!$C$5:$C$84,D14)>0,"SÍ","NO")) -> NO | L14: 0 | N14: =IF(B14="","",B14&"|"&D14) -> N10 - N15|08 Prueba hidráulica - Interna N° 1
A15: PP-11 | B15: N10 - N15 | C15: AG-19 | D15: 08 Prueba hidráulica - Interna N° 2 | E15: tramo | F15: 1 | G15: Pasaje N°2 | H15: 110 | I15: 0 | J15: 0 | K15: =IF(A15="","",IF(COUNTIFS('03_Planificacion'!$B$5:$B$84,B15,'03_Planificacion'!$C$5:$C$84,D15)>0,"SÍ","NO")) -> NO | L15: 0 | N15: =IF(B15="","",B15&"|"&D15) -> N10 - N15|08 Prueba hidráulica - Interna N° 2
A16: PP-12 | B16: N10 - N15 | C16: HI-03 | D16: 08 Prueba hidráulica - Primera prueba oficial | E16: tramo | F16: 1 | G16: Pasaje N°2 | H16: 110 | I16: 0 | J16: 0 | K16: =IF(A16="","",IF(COUNTIFS('03_Planificacion'!$B$5:$B$84,B16,'03_Planificacion'!$C$5:$C$84,D16)>0,"SÍ","NO")) -> NO | L16: 0 | N16: =IF(B16="","",B16&"|"&D16) -> N10 - N15|08 Prueba hidráulica - Primera prueba oficial
A17: PP-13 | B17: N10 - N15 | C17: AG-20 | D17: 09 Paquete estructural - Aporte e=0,30 m | E17: m | F17: 81 | G17: Pasaje N°2 | H17: 110 | I17: 0 | J17: 0 | K17: =IF(A17="","",IF(COUNTIFS('03_Planificacion'!$B$5:$B$84,B17,'03_Planificacion'!$C$5:$C$84,D17)>0,"SÍ","NO")) -> NO | L17: 0 | N17: =IF(B17="","",B17&"|"&D17) -> N10 - N15|09 Paquete estructural - Aporte e=0,30 m
A18: PP-14 | B18: N10 - N15 | C18: AG-21 | D18: 09 Paquete estructural - Compactación | E18: m | F18: 81 | G18: Pasaje N°2 | H18: 110 | I18: 0 | J18: 0 | K18: =IF(A18="","",IF(COUNTIFS('03_Planificacion'!$B$5:$B$84,B18,'03_Planificacion'!$C$5:$C$84,D18)>0,"SÍ","NO")) -> NO | L18: 0 | N18: =IF(B18="","",B18&"|"&D18) -> N10 - N15|09 Paquete estructural - Compactación
A19: PP-15 | B19: N10 - N15 | C19: HI-04 | D19: 09 Paquete estructural - Inspección laboratorio | E19: tramo | F19: 1 | G19: Pasaje N°2 | H19: 110 | I19: 0 | J19: 0 | K19: =IF(A19="","",IF(COUNTIFS('03_Planificacion'!$B$5:$B$84,B19,'03_Planificacion'!$C$5:$C$84,D19)>0,"SÍ","NO")) -> NO | L19: 0 | N19: =IF(B19="","",B19&"|"&D19) -> N10 - N15|09 Paquete estructural - Inspección laboratorio
A20: PP-16 | B20: N10 - N15 | C20: AG-22 | D20: 10 Relleno -0,60 - Conformación de capa | E20: m | F20: 81 | G20: Pasaje N°2 | H20: 110 | I20: 0 | J20: 0 | K20: =IF(A20="","",IF(COUNTIFS('03_Planificacion'!$B$5:$B$84,B20,'03_Planificacion'!$C$5:$C$84,D20)>0,"SÍ","NO")) -> NO | L20: 0 | N20: =IF(B20="","",B20&"|"&D20) -> N10 - N15|10 Relleno -0,60 - Conformación de capa
... A27: PP-23 | B27: N10 - N15 | C27: HI-06 | D27: 11 Relleno -0,30 - Inspección laboratorio | E27: tramo | F27: 1 | G27: Pasaje N°2 | H27: 110 | I27: 0 | J27: 0 | K27: =IF(A27="","",IF(COUNTIFS('03_Planificacion'!$B$5:$B$84,B27,'03_Planificacion'!$C$5:$C$84,D27)>0,"SÍ","NO")) -> NO | L27: 0 | N27: =IF(B27="","",B27&"|"&D27) -> N10 - N15|11 Relleno -0,30 - Inspección laboratorio
A28: PP-24 | B28: N12 - N13 | C28: AG-07 | D28: 03 Base de asiento - Compactación | E28: m | F28: 200 | G28: Pasaje N°9 | H28: 75 | I28: Alta | J28: 0 | K28: =IF(A28="","",IF(COUNTIFS('03_Planificacion'!$B$5:$B$84,B28,'03_Planificacion'!$C$5:$C$84,D28)>0,"SÍ","NO")) -> NO | L28: 0 | N28: =IF(B28="","",B28&"|"&D28) -> N12 - N13|03 Base de asiento - Compactación
A29: PP-25 | B29: N12 - N13 | C29: HI-01 | D29: 04 Inspecciones previas - Laboratorio base de asiento | E29: tramo | F29: 1 | G29: Pasaje N°9 | H29: 75 | I29: 0 | J29: 0 | K29: =IF(A29="","",IF(COUNTIFS('03_Planificacion'!$B$5:$B$84,B29,'03_Planificacion'!$C$5:$C$84,D29)>0,"SÍ","NO")) -> NO | L29: 0 | N29: =IF(B29="","",B29&"|"&D29) -> N12 - N13|04 Inspecciones previas - Laboratorio base de asiento
A30: PP-26 | B30: N12 - N13 | C30: HI-02 | D30: 04 Inspecciones previas - Zanja y materiales | E30: tramo | F30: 1 | G30: Pasaje N°9 | H30: 75 | I30: 0 | J30: 0 | K30: =IF(A30="","",IF(COUNTIFS('03_Planificacion'!$B$5:$B$84,B30,'03_Planificacion'!$C$5:$C$84,D30)>0,"SÍ","NO")) -> NO | L30: 0 | N30: =IF(B30="","",B30&"|"&D30) -> N12 - N13|04 Inspecciones previas - Zanja y materiales
A31: PP-27 | B31: N12 - N13 | C31: AG-08 | D31: 05 Tendido de cañería - Cañería principal | E31: m | F31: 200 | G31: Pasaje N°9 | H31: 75 | I31: 0 | J31: 0 | K31: =IF(A31="","",IF(COUNTIFS('03_Planificacion'!$B$5:$B$84,B31,'03_Planificacion'!$C$5:$C$84,D31)>0,"SÍ","NO")) -> NO | L31: 0 | N31: =IF(B31="","",B31&"|"&D31) -> N12 - N13|05 Tendido de cañería - Cañería principal
A32: PP-28 | B32: N12 - N13 | C32: AG-09 | D32: 05 Tendido de cañería - Relevamiento planialtimétrico | E32: m | F32: 200 | G32: Pasaje N°9 | H32: 75 | I32: 0 | J32: 0 | K32: =IF(A32="","",IF(COUNTIFS('03_Planificacion'!$B$5:$B$84,B32,'03_Planificacion'!$C$5:$C$84,D32)>0,"SÍ","NO")) -> NO | L32: 0 | N32: =IF(B32="","",B32&"|"&D32) -> N12 - N13|05 Tendido de cañería - Relevamiento planialtimétrico
A33: PP-29 | B33: N12 - N13 | C33: AG-17 | D33: 08 Prueba hidráulica - Preparación del sistema | E33: tramo | F33: 1 | G33: Pasaje N°9 | H33: 75 | I33: 0 | J33: 0 | K33: =IF(A33="","",IF(COUNTIFS('03_Planificacion'!$B$5:$B$84,B33,'03_Planificacion'!$C$5:$C$84,D33)>0,"SÍ","NO")) -> NO | L33: 0 | N33: =IF(B33="","",B33&"|"&D33) -> N12 - N13|08 Prueba hidráulica - Preparación del sistema
A34: PP-30 | B34: N12 - N13 | C34: AG-18 | D34: 08 Prueba hidráulica - Interna N° 1 | E34: tramo | F34: 1 | G34: Pasaje N°9 | H34: 75 | I34: 0 | J34: 0 | K34: =IF(A34="","",IF(COUNTIFS('03_Planificacion'!$B$5:$B$84,B34,'03_Planificacion'!$C$5:$C$84,D34)>0,"SÍ","NO")) -> NO | L34: 0 | N34: =IF(B34="","",B34&"|"&D34) -> N12 - N13|08 Prueba hidráulica - Interna N° 1
A35: PP-31 | B35: N12 - N20 | C35: AG-07 | D35: 03 Base de asiento - Compactación | E35: m | F35: 98 | G35: Pasaje N°5 | H35: 75 | I35: 0 | J35: 0 | K35: =IF(A35="","",IF(COUNTIFS('03_Planificacion'!$B$5:$B$84,B35,'03_Planificacion'!$C$5:$C$84,D35)>0,"SÍ","NO")) -> NO | L35: 0 | N35: =IF(B35="","",B35&"|"&D35) -> N12 - N20|03 Base de asiento - Compactación
A36: PP-32 | B36: N12 - N20 | C36: HI-01 | D36: 04 Inspecciones previas - Laboratorio base de asiento | E36: tramo | F36: 1 | G36: Pasaje N°5 | H36: 75 | I36: 0 | J36: 0 | K36: =IF(A36="","",IF(COUNTIFS('03_Planificacion'!$B$5:$B$84,B36,'03_Planificacion'!$C$5:$C$84,D36)>0,"SÍ","NO")) -> NO | L36: 0 | N36: =IF(B36="","",B36&"|"&D36) -> N12 - N20|04 Inspecciones previas - Laboratorio base de asiento
A37: PP-33 | B37: N12 - N20 | C37: HI-02 | D37: 04 Inspecciones previas - Zanja y materiales | E37: tramo | F37: 1 | G37: Pasaje N°5 | H37: 75 | I37: 0 | J37: 0 | K37: =IF(A37="","",IF(COUNTIFS('03_Planificacion'!$B$5:$B$84,B37,'03_Planificacion'!$C$5:$C$84,D37)>0,"SÍ","NO")) -> NO | L37: 0 | N37: =IF(B37="","",B37&"|"&D37) -> N12 - N20|04 Inspecciones previas - Zanja y materiales
A38: PP-34 | B38: N12 - N20 | C38: AG-08 | D38: 05 Tendido de cañería - Cañería principal | E38: m | F38: 98 | G38: Pasaje N°5 | H38: 75 | I38: 0 | J38: 0 | K38: =IF(A38="","",IF(COUNTIFS('03_Planificacion'!$B$5:$B$84,B38,'03_Planificacion'!$C$5:$C$84,D38)>0,"SÍ","NO")) -> NO | L38: 0 | N38: =IF(B38="","",B38&"|"&D38) -> N12 - N20|05 Tendido de cañería - Cañería principal
A39: PP-35 | B39: N12 - N20 | C39: AG-09 | D39: 05 Tendido de cañería - Relevamiento planialtimétrico | E39: m | F39: 98 | G39: Pasaje N°5 | H39: 75 | I39: 0 | J39: 0 | K39: =IF(A39="","",IF(COUNTIFS('03_Planificacion'!$B$5:$B$84,B39,'03_Planificacion'!$C$5:$C$84,D39)>0,"SÍ","NO")) -> NO | L39: 0 | N39: =IF(B39="","",B39&"|"&D39) -> N12 - N20|05 Tendido de cañería - Relevamiento planialtimétrico
A40: PP-36 | B40: N12 - N20 | C40: AG-17 | D40: 08 Prueba hidráulica - Preparación del sistema | E40: tramo | F40: 1 | G40: Pasaje N°5 | H40: 75 | I40: 0 | J40: 0 | K40: =IF(A40="","",IF(COUNTIFS('03_Planificacion'!$B$5:$B$84,B40,'03_Planificacion'!$C$5:$C$84,D40)>0,"SÍ","NO")) -> NO | L40: 0 | N40: =IF(B40="","",B40&"|"&D40) -> N12 - N20|08 Prueba hidráulica - Preparación del sistema
... A47: PP-43 | B47: N13 - N23 | C47: AG-17 | D47: 08 Prueba hidráulica - Preparación del sistema | E47: tramo | F47: 1 | G47: Pasaje N°3 | H47: 75 | I47: 0 | J47: 0 | K47: =IF(A47="","",IF(COUNTIFS('03_Planificacion'!$B$5:$B$84,B47,'03_Planificacion'!$C$5:$C$84,D47)>0,"SÍ","NO")) -> NO | L47: 0 | N47: =IF(B47="","",B47&"|"&D47) -> N13 - N23|08 Prueba hidráulica - Preparación del sistema
A48: PP-44 | B48: N13 - N23 | C48: AG-18 | D48: 08 Prueba hidráulica - Interna N° 1 | E48: tramo | F48: 1 | G48: Pasaje N°3 | H48: 75 | I48: 0 | J48: 0 | K48: =IF(A48="","",IF(COUNTIFS('03_Planificacion'!$B$5:$B$84,B48,'03_Planificacion'!$C$5:$C$84,D48)>0,"SÍ","NO")) -> NO | L48: Preguntar si esta listo | N48: =IF(B48="","",B48&"|"&D48) -> N13 - N23|08 Prueba hidráulica - Interna N° 1
A49: PP-45 | B49: N13 - N23 | C49: AG-19 | D49: 08 Prueba hidráulica - Interna N° 2 | E49: tramo | F49: 1 | G49: Pasaje N°3 | H49: 75 | I49: 0 | J49: 0 | K49: =IF(A49="","",IF(COUNTIFS('03_Planificacion'!$B$5:$B$84,B49,'03_Planificacion'!$C$5:$C$84,D49)>0,"SÍ","NO")) -> NO | L49: 0 | N49: =IF(B49="","",B49&"|"&D49) -> N13 - N23|08 Prueba hidráulica - Interna N° 2
A50: PP-46 | B50: N13 - N23 | C50: HI-03 | D50: 08 Prueba hidráulica - Primera prueba oficial | E50: tramo | F50: 1 | G50: Pasaje N°3 | H50: 75 | I50: 0 | J50: 0 | K50: =IF(A50="","",IF(COUNTIFS('03_Planificacion'!$B$5:$B$84,B50,'03_Planificacion'!$C$5:$C$84,D50)>0,"SÍ","NO")) -> NO | L50: 0 | N50: =IF(B50="","",B50&"|"&D50) -> N13 - N23|08 Prueba hidráulica - Primera prueba oficial
A51: PP-47 | B51: N13 - N23 | C51: AG-20 | D51: 09 Paquete estructural - Aporte e=0,30 m | E51: m | F51: 78 | G51: Pasaje N°3 | H51: 75 | I51: 0 | J51: 0 | K51: =IF(A51="","",IF(COUNTIFS('03_Planificacion'!$B$5:$B$84,B51,'03_Planificacion'!$C$5:$C$84,D51)>0,"SÍ","NO")) -> NO | L51: 0 | N51: =IF(B51="","",B51&"|"&D51) -> N13 - N23|09 Paquete estructural - Aporte e=0,30 m
A52: PP-48 | B52: N13 - N23 | C52: AG-21 | D52: 09 Paquete estructural - Compactación | E52: m | F52: 78 | G52: Pasaje N°3 | H52: 75 | I52: 0 | J52: 0 | K52: =IF(A52="","",IF(COUNTIFS('03_Planificacion'!$B$5:$B$84,B52,'03_Planificacion'!$C$5:$C$84,D52)>0,"SÍ","NO")) -> NO | L52: 0 | N52: =IF(B52="","",B52&"|"&D52) -> N13 - N23|09 Paquete estructural - Compactación
A53: PP-49 | B53: N13 - N23 | C53: HI-04 | D53: 09 Paquete estructural - Inspección laboratorio | E53: tramo | F53: 1 | G53: Pasaje N°3 | H53: 75 | I53: 0 | J53: 0 | K53: =IF(A53="","",IF(COUNTIFS('03_Planificacion'!$B$5:$B$84,B53,'03_Planificacion'!$C$5:$C$84,D53)>0,"SÍ","NO")) -> NO | L53: 0 | N53: =IF(B53="","",B53&"|"&D53) -> N13 - N23|09 Paquete estructural - Inspección laboratorio
A54: PP-50 | B54: N13 - N23 | C54: AG-22 | D54: 10 Relleno -0,60 - Conformación de capa | E54: m | F54: 78 | G54: Pasaje N°3 | H54: 75 | I54: 0 | J54: 0 | K54: =IF(A54="","",IF(COUNTIFS('03_Planificacion'!$B$5:$B$84,B54,'03_Planificacion'!$C$5:$C$84,D54)>0,"SÍ","NO")) -> NO | L54: 0 | N54: =IF(B54="","",B54&"|"&D54) -> N13 - N23|10 Relleno -0,60 - Conformación de capa
A55: PP-51 | B55: N13 - N23 | C55: AG-23 | D55: 10 Relleno -0,60 - Humectación | E55: m | F55: 78 | G55: Pasaje N°3 | H55: 75 | I55: 0 | J55: 0 | K55: =IF(A55="","",IF(COUNTIFS('03_Planificacion'!$B$5:$B$84,B55,'03_Planificacion'!$C$5:$C$84,D55)>0,"SÍ","NO")) -> NO | L55: Preguntar si esta listo | N55: =IF(B55="","",B55&"|"&D55) -> N13 - N23|10 Relleno -0,60 - Humectación
A56: PP-52 | B56: N13 - N23 | C56: AG-24 | D56: 10 Relleno -0,60 - Compactación | E56: m | F56: 78 | G56: Pasaje N°3 | H56: 75 | I56: 0 | J56: 0 | K56: =IF(A56="","",IF(COUNTIFS('03_Planificacion'!$B$5:$B$84,B56,'03_Planificacion'!$C$5:$C$84,D56)>0,"SÍ","NO")) -> NO | L56: 0 | N56: =IF(B56="","",B56&"|"&D56) -> N13 - N23|10 Relleno -0,60 - Compactación
A57: PP-53 | B57: N13 - N23 | C57: HI-05 | D57: 10 Relleno -0,60 - Inspección laboratorio | E57: tramo | F57: 1 | G57: Pasaje N°3 | H57: 75 | I57: 0 | J57: 0 | K57: =IF(A57="","",IF(COUNTIFS('03_Planificacion'!$B$5:$B$84,B57,'03_Planificacion'!$C$5:$C$84,D57)>0,"SÍ","NO")) -> NO | L57: 0 | N57: =IF(B57="","",B57&"|"&D57) -> N13 - N23|10 Relleno -0,60 - Inspección laboratorio
A58: PP-54 | B58: N13 - N23 | C58: AG-25 | D58: 11 Relleno -0,30 - Conformación de capa | E58: m | F58: 78 | G58: Pasaje N°3 | H58: 75 | I58: 0 | J58: 0 | K58: =IF(A58="","",IF(COUNTIFS('03_Planificacion'!$B$5:$B$84,B58,'03_Planificacion'!$C$5:$C$84,D58)>0,"SÍ","NO")) -> NO | L58: 0 | N58: =IF(B58="","",B58&"|"&D58) -> N13 - N23|11 Relleno -0,30 - Conformación de capa
A59: PP-55 | B59: N13 - N23 | C59: AG-26 | D59: 11 Relleno -0,30 - Humectación | E59: m | F59: 78 | G59: Pasaje N°3 | H59: 75 | I59: 0 | J59: 0 | K59: =IF(A59="","",IF(COUNTIFS('03_Planificacion'!$B$5:$B$84,B59,'03_Planificacion'!$C$5:$C$84,D59)>0,"SÍ","NO")) -> NO | L59: 0 | N59: =IF(B59="","",B59&"|"&D59) -> N13 - N23|11 Relleno -0,30 - Humectación
A60: PP-56 | B60: N13 - N23 | C60: AG-27 | D60: 11 Relleno -0,30 - Compactación | E60: m | F60: 78 | G60: Pasaje N°3 | H60: 75 | I60: 0 | J60: 0 | K60: =IF(A60="","",IF(COUNTIFS('03_Planificacion'!$B$5:$B$84,B60,'03_Planificacion'!$C$5:$C$84,D60)>0,"SÍ","NO")) -> NO | L60: 0 | N60: =IF(B60="","",B60&"|"&D60) -> N13 - N23|11 Relleno -0,30 - Compactación
A61: PP-57 | B61: N13 - N23 | C61: HI-06 | D61: 11 Relleno -0,30 - Inspección laboratorio | E61: tramo | F61: 1 | G61: Pasaje N°3 | H61: 75 | I61: 0 | J61: 0 | K61: =IF(A61="","",IF(COUNTIFS('03_Planificacion'!$B$5:$B$84,B61,'03_Planificacion'!$C$5:$C$84,D61)>0,"SÍ","NO")) -> NO | L61: 0 | N61: =IF(B61="","",B61&"|"&D61) -> N13 - N23|11 Relleno -0,30 - Inspección laboratorio
A62: PP-58 | B62: N15 - N16 | C62: AG-01 | D62: 01 Replanteo - Marcación de tramo de cañería principal | E62: m | F62: 7 | G62: Pasaje N°2 | H62: 110 | I62: 0 | J62: 0 | K62: =IF(A62="","",IF(COUNTIFS('03_Planificacion'!$B$5:$B$84,B62,'03_Planificacion'!$C$5:$C$84,D62)>0,"SÍ","NO")) -> NO | L62: 0 | N62: =IF(B62="","",B62&"|"&D62) -> N15 - N16|01 Replanteo - Marcación de tramo de cañería principal
A63: PP-59 | B63: N15 - N16 | C63: AG-03 | D63: 02 Excavación - Zanja principal | E63: m | F63: 7 | G63: Pasaje N°2 | H63: 110 | I63: 0 | J63: 0 | K63: =IF(A63="","",IF(COUNTIFS('03_Planificacion'!$B$5:$B$84,B63,'03_Planificacion'!$C$5:$C$84,D63)>0,"SÍ","NO")) -> NO | L63: 0 | N63: =IF(B63="","",B63&"|"&D63) -> N15 - N16|02 Excavación - Zanja principal
A64: PP-60 | B64: N15 - N16 | C64: AG-05 | D64: 03 Base de asiento - Nivelación de fondo de zanja | E64: m | F64: 7 | G64: Pasaje N°2 | H64: 110 | I64: 0 | J64: 0 | K64: =IF(A64="","",IF(COUNTIFS('03_Planificacion'!$B$5:$B$84,B64,'03_Planificacion'!$C$5:$C$84,D64)>0,"SÍ","NO")) -> NO | L64: 0 | N64: =IF(B64="","",B64&"|"&D64) -> N15 - N16|03 Base de asiento - Nivelación de fondo de zanja
A65: PP-61 | B65: N15 - N16 | C65: AG-06 | D65: 03 Base de asiento - Aporte de material base e=0,10 m | E65: m | F65: 7 | G65: Pasaje N°2 | H65: 110 | I65: 0 | J65: 0 | K65: =IF(A65="","",IF(COUNTIFS('03_Planificacion'!$B$5:$B$84,B65,'03_Planificacion'!$C$5:$C$84,D65)>0,"SÍ","NO")) -> NO | L65: 0 | N65: =IF(B65="","",B65&"|"&D65) -> N15 - N16|03 Base de asiento - Aporte de material base e=0,10 m
A66: PP-62 | B66: N15 - N16 | C66: AG-07 | D66: 03 Base de asiento - Compactación | E66: m | F66: 7 | G66: Pasaje N°2 | H66: 110 | I66: 0 | J66: 0 | K66: =IF(A66="","",IF(COUNTIFS('03_Planificacion'!$B$5:$B$84,B66,'03_Planificacion'!$C$5:$C$84,D66)>0,"SÍ","NO")) -> NO | L66: 0 | N66: =IF(B66="","",B66&"|"&D66) -> N15 - N16|03 Base de asiento - Compactación
A67: PP-63 | B67: N15 - N16 | C67: HI-02 | D67: 04 Inspecciones previas - Zanja y materiales | E67: tramo | F67: 1 | G67: Pasaje N°2 | H67: 110 | I67: 0 | J67: 0 | K67: =IF(A67="","",IF(COUNTIFS('03_Planificacion'!$B$5:$B$84,B67,'03_Planificacion'!$C$5:$C$84,D67)>0,"SÍ","NO")) -> NO | L67: 0 | N67: =IF(B67="","",B67&"|"&D67) -> N15 - N16|04 Inspecciones previas - Zanja y materiales
... A148: PP-144 | B148: N23 - N24 | C148: HI-01 | D148: 04 Inspecciones previas - Laboratorio base de asiento | E148: tramo | F148: 1 | G148: Pasaje N°3 | H148: 110 | I148: 0 | J148: 0 | K148: =IF(A148="","",IF(COUNTIFS('03_Planificacion'!$B$5:$B$84,B148,'03_Planificacion'!$C$5:$C$84,D148)>0,"SÍ","NO")) -> NO | L148: 0 | N148: =IF(B148="","",B148&"|"&D148) -> N23 - N24|04 Inspecciones previas - Laboratorio base de asiento
A149: PP-145 | B149: N23 - N24 | C149: HI-02 | D149: 04 Inspecciones previas - Zanja y materiales | E149: tramo | F149: 1 | G149: Pasaje N°3 | H149: 110 | I149: 0 | J149: 0 | K149: =IF(A149="","",IF(COUNTIFS('03_Planificacion'!$B$5:$B$84,B149,'03_Planificacion'!$C$5:$C$84,D149)>0,"SÍ","NO")) -> NO | N149: =IF(B149="","",B149&"|"&D149) -> N23 - N24|04 Inspecciones previas - Zanja y materiales
A150: PP-146 | B150: N23 - N24 | C150: AG-08 | D150: 05 Tendido de cañería - Cañería principal | E150: m | F150: 8 | G150: Pasaje N°3 | H150: 110 | I150: 0 | J150: 0 | K150: =IF(A150="","",IF(COUNTIFS('03_Planificacion'!$B$5:$B$84,B150,'03_Planificacion'!$C$5:$C$84,D150)>0,"SÍ","NO")) -> NO | N150: =IF(B150="","",B150&"|"&D150) -> N23 - N24|05 Tendido de cañería - Cañería principal
A151: PP-147 | B151: N23 - N24 | C151: AG-09 | D151: 05 Tendido de cañería - Relevamiento planialtimétrico | E151: m | F151: 8 | G151: Pasaje N°3 | H151: 110 | I151: 0 | J151: 0 | K151: =IF(A151="","",IF(COUNTIFS('03_Planificacion'!$B$5:$B$84,B151,'03_Planificacion'!$C$5:$C$84,D151)>0,"SÍ","NO")) -> NO | N151: =IF(B151="","",B151&"|"&D151) -> N23 - N24|05 Tendido de cañería - Relevamiento planialtimétrico
A152: PP-148 | B152: N23 - N24 | C152: AG-17 | D152: 08 Prueba hidráulica - Preparación del sistema | E152: tramo | F152: 1 | G152: Pasaje N°3 | H152: 110 | I152: 0 | J152: 0 | K152: =IF(A152="","",IF(COUNTIFS('03_Planificacion'!$B$5:$B$84,B152,'03_Planificacion'!$C$5:$C$84,D152)>0,"SÍ","NO")) -> NO | N152: =IF(B152="","",B152&"|"&D152) -> N23 - N24|08 Prueba hidráulica - Preparación del sistema
A153: PP-149 | B153: N23 - N24 | C153: AG-18 | D153: 08 Prueba hidráulica - Interna N° 1 | E153: tramo | F153: 1 | G153: Pasaje N°3 | H153: 110 | I153: 0 | J153: 0 | K153: =IF(A153="","",IF(COUNTIFS('03_Planificacion'!$B$5:$B$84,B153,'03_Planificacion'!$C$5:$C$84,D153)>0,"SÍ","NO")) -> NO | N153: =IF(B153="","",B153&"|"&D153) -> N23 - N24|08 Prueba hidráulica - Interna N° 1
A154: PP-150 | B154: N25 - N30 | C154: AG-27 | D154: 11 Relleno -0,30 - Compactación | E154: m | F154: 76 | G154: Pasaje N°3 | H154: 75 | I154: 0 | J154: 0 | K154: =IF(A154="","",IF(COUNTIFS('03_Planificacion'!$B$5:$B$84,B154,'03_Planificacion'!$C$5:$C$84,D154)>0,"SÍ","NO")) -> SÍ | N154: =IF(B154="","",B154&"|"&D154) -> N25 - N30|11 Relleno -0,30 - Compactación
A155: PP-151 | B155: N25 - N30 | C155: HI-06 | D155: 11 Relleno -0,30 - Inspección laboratorio | E155: tramo | F155: 1 | G155: Pasaje N°3 | H155: 75 | I155: 0 | J155: 0 | K155: =IF(A155="","",IF(COUNTIFS('03_Planificacion'!$B$5:$B$84,B155,'03_Planificacion'!$C$5:$C$84,D155)>0,"SÍ","NO")) -> NO | N155: =IF(B155="","",B155&"|"&D155) -> N25 - N30|11 Relleno -0,30 - Inspección laboratorio
A156: PP-152 | B156: N26 - N27 | C156: AG-19 | D156: 08 Prueba hidráulica - Interna N° 2 | E156: tramo | F156: 1 | G156: Pasaje N°8 | H156: 75 | I156: 0 | J156: 0 | K156: =IF(A156="","",IF(COUNTIFS('03_Planificacion'!$B$5:$B$84,B156,'03_Planificacion'!$C$5:$C$84,D156)>0,"SÍ","NO")) -> SÍ | N156: =IF(B156="","",B156&"|"&D156) -> N26 - N27|08 Prueba hidráulica - Interna N° 2
A157: PP-153 | B157: N26 - N27 | C157: HI-03 | D157: 08 Prueba hidráulica - Primera prueba oficial | E157: tramo | F157: 1 | G157: Pasaje N°8 | H157: 75 | I157: 0 | J157: 0 | K157: =IF(A157="","",IF(COUNTIFS('03_Planificacion'!$B$5:$B$84,B157,'03_Planificacion'!$C$5:$C$84,D157)>0,"SÍ","NO")) -> SÍ | N157: =IF(B157="","",B157&"|"&D157) -> N26 - N27|08 Prueba hidráulica - Primera prueba oficial
A158: PP-154 | B158: N26 - N27 | C158: AG-20 | D158: 09 Paquete estructural - Aporte e=0,30 m | E158: m | F158: 81 | G158: Pasaje N°8 | H158: 75 | I158: 0 | J158: 0 | K158: =IF(A158="","",IF(COUNTIFS('03_Planificacion'!$B$5:$B$84,B158,'03_Planificacion'!$C$5:$C$84,D158)>0,"SÍ","NO")) -> NO | N158: =IF(B158="","",B158&"|"&D158) -> N26 - N27|09 Paquete estructural - Aporte e=0,30 m
A159: PP-155 | B159: N26 - N27 | C159: AG-21 | D159: 09 Paquete estructural - Compactación | E159: m | F159: 81 | G159: Pasaje N°8 | H159: 75 | I159: 0 | J159: 0 | K159: =IF(A159="","",IF(COUNTIFS('03_Planificacion'!$B$5:$B$84,B159,'03_Planificacion'!$C$5:$C$84,D159)>0,"SÍ","NO")) -> NO | N159: =IF(B159="","",B159&"|"&D159) -> N26 - N27|09 Paquete estructural - Compactación
A160: PP-156 | B160: N26 - N27 | C160: HI-04 | D160: 09 Paquete estructural - Inspección laboratorio | E160: tramo | F160: 1 | G160: Pasaje N°8 | H160: 75 | I160: 0 | J160: 0 | K160: =IF(A160="","",IF(COUNTIFS('03_Planificacion'!$B$5:$B$84,B160,'03_Planificacion'!$C$5:$C$84,D160)>0,"SÍ","NO")) -> NO | N160: =IF(B160="","",B160&"|"&D160) -> N26 - N27|09 Paquete estructural - Inspección laboratorio
... A185: PP-181 | B185: N29 - N30 | C185: HI-06 | D185: 11 Relleno -0,30 - Inspección laboratorio | E185: tramo | F185: 1 | G185: Pasaje N°8 | H185: 75 | I185: 0 | J185: 0 | K185: =IF(A185="","",IF(COUNTIFS('03_Planificacion'!$B$5:$B$84,B185,'03_Planificacion'!$C$5:$C$84,D185)>0,"SÍ","NO")) -> NO | N185: =IF(B185="","",B185&"|"&D185) -> N29 - N30|11 Relleno -0,30 - Inspección laboratorio
A186: =IF(B186="","","PP-"&182) | K186: =IF(A186="","",IF(COUNTIFS('03_Planificacion'!$B$5:$B$84,B186,'03_Planificacion'!$C$5:$C$84,D186)>0,"SÍ","NO")) | N186: =IF(B186="","",B186&"|"&D186)
A187: =IF(B187="","","PP-"&183) | K187: =IF(A187="","",IF(COUNTIFS('03_Planificacion'!$B$5:$B$84,B187,'03_Planificacion'!$C$5:$C$84,D187)>0,"SÍ","NO")) | N187: =IF(B187="","",B187&"|"&D187)
A188: =IF(B188="","","PP-"&184) | K188: =IF(A188="","",IF(COUNTIFS('03_Planificacion'!$B$5:$B$84,B188,'03_Planificacion'!$C$5:$C$84,D188)>0,"SÍ","NO")) | N188: =IF(B188="","",B188&"|"&D188)
A189: =IF(B189="","","PP-"&185) | K189: =IF(A189="","",IF(COUNTIFS('03_Planificacion'!$B$5:$B$84,B189,'03_Planificacion'!$C$5:$C$84,D189)>0,"SÍ","NO")) | N189: =IF(B189="","",B189&"|"&D189)
A190: =IF(B190="","","PP-"&186) | K190: =IF(A190="","",IF(COUNTIFS('03_Planificacion'!$B$5:$B$84,B190,'03_Planificacion'!$C$5:$C$84,D190)>0,"SÍ","NO")) | N190: =IF(B190="","",B190&"|"&D190)
A191: =IF(B191="","","PP-"&187) | K191: =IF(A191="","",IF(COUNTIFS('03_Planificacion'!$B$5:$B$84,B191,'03_Planificacion'!$C$5:$C$84,D191)>0,"SÍ","NO")) | N191: =IF(B191="","",B191&"|"&D191)
A192: =IF(B192="","","PP-"&188) | K192: =IF(A192="","",IF(COUNTIFS('03_Planificacion'!$B$5:$B$84,B192,'03_Planificacion'!$C$5:$C$84,D192)>0,"SÍ","NO")) | N192: =IF(B192="","",B192&"|"&D192)
A193: =IF(B193="","","PP-"&189) | K193: =IF(A193="","",IF(COUNTIFS('03_Planificacion'!$B$5:$B$84,B193,'03_Planificacion'!$C$5:$C$84,D193)>0,"SÍ","NO")) | N193: =IF(B193="","",B193&"|"&D193)
A194: =IF(B194="","","PP-"&190) | K194: =IF(A194="","",IF(COUNTIFS('03_Planificacion'!$B$5:$B$84,B194,'03_Planificacion'!$C$5:$C$84,D194)>0,"SÍ","NO")) | N194: =IF(B194="","",B194&"|"&D194)
A195: =IF(B195="","","PP-"&191) | K195: =IF(A195="","",IF(COUNTIFS('03_Planificacion'!$B$5:$B$84,B195,'03_Planificacion'!$C$5:$C$84,D195)>0,"SÍ","NO")) | N195: =IF(B195="","",B195&"|"&D195)
A196: =IF(B196="","","PP-"&192) | K196: =IF(A196="","",IF(COUNTIFS('03_Planificacion'!$B$5:$B$84,B196,'03_Planificacion'!$C$5:$C$84,D196)>0,"SÍ","NO")) | N196: =IF(B196="","",B196&"|"&D196)
A197: =IF(B197="","","PP-"&193) | K197: =IF(A197="","",IF(COUNTIFS('03_Planificacion'!$B$5:$B$84,B197,'03_Planificacion'!$C$5:$C$84,D197)>0,"SÍ","NO")) | N197: =IF(B197="","",B197&"|"&D197)
A198: =IF(B198="","","PP-"&194) | K198: =IF(A198="","",IF(COUNTIFS('03_Planificacion'!$B$5:$B$84,B198,'03_Planificacion'!$C$5:$C$84,D198)>0,"SÍ","NO")) | N198: =IF(B198="","",B198&"|"&D198)
A199: =IF(B199="","","PP-"&195) | K199: =IF(A199="","",IF(COUNTIFS('03_Planificacion'!$B$5:$B$84,B199,'03_Planificacion'!$C$5:$C$84,D199)>0,"SÍ","NO")) | N199: =IF(B199="","",B199&"|"&D199)
A200: =IF(B200="","","PP-"&196) | K200: =IF(A200="","",IF(COUNTIFS('03_Planificacion'!$B$5:$B$84,B200,'03_Planificacion'!$C$5:$C$84,D200)>0,"SÍ","NO")) | N200: =IF(B200="","",B200&"|"&D200)
A201: =IF(B201="","","PP-"&197) | K201: =IF(A201="","",IF(COUNTIFS('03_Planificacion'!$B$5:$B$84,B201,'03_Planificacion'!$C$5:$C$84,D201)>0,"SÍ","NO")) | N201: =IF(B201="","",B201&"|"&D201)
A202: =IF(B202="","","PP-"&198) | K202: =IF(A202="","",IF(COUNTIFS('03_Planificacion'!$B$5:$B$84,B202,'03_Planificacion'!$C$5:$C$84,D202)>0,"SÍ","NO")) | N202: =IF(B202="","",B202&"|"&D202)
A203: =IF(B203="","","PP-"&199) | K203: =IF(A203="","",IF(COUNTIFS('03_Planificacion'!$B$5:$B$84,B203,'03_Planificacion'!$C$5:$C$84,D203)>0,"SÍ","NO")) | N203: =IF(B203="","",B203&"|"&D203)
A204: =IF(B204="","","PP-"&200) | K204: =IF(A204="","",IF(COUNTIFS('03_Planificacion'!$B$5:$B$84,B204,'03_Planificacion'!$C$5:$C$84,D204)>0,"SÍ","NO")) | N204: =IF(B204="","",B204&"|"&D204)
A205: =IF(B205="","","PP-"&201) | K205: =IF(A205="","",IF(COUNTIFS('03_Planificacion'!$B$5:$B$84,B205,'03_Planificacion'!$C$5:$C$84,D205)>0,"SÍ","NO")) | N205: =IF(B205="","",B205&"|"&D205)
A206: =IF(B206="","","PP-"&202) | K206: =IF(A206="","",IF(COUNTIFS('03_Planificacion'!$B$5:$B$84,B206,'03_Planificacion'!$C$5:$C$84,D206)>0,"SÍ","NO")) | N206: =IF(B206="","",B206&"|"&D206)
A207: =IF(B207="","","PP-"&203) | K207: =IF(A207="","",IF(COUNTIFS('03_Planificacion'!$B$5:$B$84,B207,'03_Planificacion'!$C$5:$C$84,D207)>0,"SÍ","NO")) | N207: =IF(B207="","",B207&"|"&D207)
A208: =IF(B208="","","PP-"&204) | K208: =IF(A208="","",IF(COUNTIFS('03_Planificacion'!$B$5:$B$84,B208,'03_Planificacion'!$C$5:$C$84,D208)>0,"SÍ","NO")) | N208: =IF(B208="","",B208&"|"&D208)
A209: =IF(B209="","","PP-"&205) | K209: =IF(A209="","",IF(COUNTIFS('03_Planificacion'!$B$5:$B$84,B209,'03_Planificacion'!$C$5:$C$84,D209)>0,"SÍ","NO")) | N209: =IF(B209="","",B209&"|"&D209)
A210: =IF(B210="","","PP-"&206) | K210: =IF(A210="","",IF(COUNTIFS('03_Planificacion'!$B$5:$B$84,B210,'03_Planificacion'!$C$5:$C$84,D210)>0,"SÍ","NO")) | N210: =IF(B210="","",B210&"|"&D210)
A211: =IF(B211="","","PP-"&207) | K211: =IF(A211="","",IF(COUNTIFS('03_Planificacion'!$B$5:$B$84,B211,'03_Planificacion'!$C$5:$C$84,D211)>0,"SÍ","NO")) | N211: =IF(B211="","",B211&"|"&D211)
A212: =IF(B212="","","PP-"&208) | K212: =IF(A212="","",IF(COUNTIFS('03_Planificacion'!$B$5:$B$84,B212,'03_Planificacion'!$C$5:$C$84,D212)>0,"SÍ","NO")) | N212: =IF(B212="","",B212&"|"&D212)
A213: =IF(B213="","","PP-"&209) | K213: =IF(A213="","",IF(COUNTIFS('03_Planificacion'!$B$5:$B$84,B213,'03_Planificacion'!$C$5:$C$84,D213)>0,"SÍ","NO")) | N213: =IF(B213="","",B213&"|"&D213)
A214: =IF(B214="","","PP-"&210) | K214: =IF(A214="","",IF(COUNTIFS('03_Planificacion'!$B$5:$B$84,B214,'03_Planificacion'!$C$5:$C$84,D214)>0,"SÍ","NO")) | N214: =IF(B214="","",B214&"|"&D214)
A215: =IF(B215="","","PP-"&211) | K215: =IF(A215="","",IF(COUNTIFS('03_Planificacion'!$B$5:$B$84,B215,'03_Planificacion'!$C$5:$C$84,D215)>0,"SÍ","NO")) | N215: =IF(B215="","",B215&"|"&D215)
A216: =IF(B216="","","PP-"&212) | K216: =IF(A216="","",IF(COUNTIFS('03_Planificacion'!$B$5:$B$84,B216,'03_Planificacion'!$C$5:$C$84,D216)>0,"SÍ","NO")) | N216: =IF(B216="","",B216&"|"&D216)
...

Sheet 03_Planificacion
A1: ECAR | OBRA ROQUE — PLAN MAESTRO | AA1: SECTORES | AC1: N1 - N2 | AD1: N1 - N4 | AE1: N9 - N11 | AF1: N10 - N15 | AG1: N11 - N12 | AH1: N11 - N17 | AI1: N12 - N13 | AJ1: N12 - N20 | AK1: N13 - N23 | AL1: N14 - N16 | AM1: N15 - N16 | AN1: N15 - N17 | AO1: N17 - N18 | AP1: N18 - N19 | AQ1: N18 - N26 | AR1: N19 - N20 | AS1: N19 - N27 | AT1: N2 - N3 | AU1: N2 - N32 | AV1: N2 - N5 | AW1: N20 - N21 | AX1: N21 - N22 | AY1: N21 - N28 | AZ1: N22 - N24 | BA1: N22 - N29 | BB1: N23 - N24 | BC1: N24 - N25 | BD1: N25 - N30 | BE1: N23 - N31 | BF1: N26 - N27 | BG1: N27 - N28 | BH1: N28 - N29 | BI1: N29 - N30 | BJ1: N3 - N7 | BK1: N31 - N35 | BL1: N31 - N36 | BM1: N33 - N34 | BN1: N34 - N35 | BO1: N36 - N37 | BP1: N37 - N38 | BQ1: N38 - N39 | BR1: N4 - N6 | BS1: N4 - N8 | BT1: N5 - N6 | BU1: N5 - N7 | BV1: N6 - N9 | BW1: N7 - N11 | BX1: N8 - N14 | BY1: N8 - N10 | BZ1: N9 - N10
A2: Seleccione Sector / Tramo y luego Actividad. Unidad, saldo, pasaje y diámetro se completan automáticamente. Usted completa rendimiento, fechas y recursos. | AA2: N1 - N2 | AC2: =IF(AND('01_Estado_Actual'!$L$5="Para Programar",'01_Estado_Actual'!$G$5>0),"01 Replanteo - Marcación de tramo de cañería principal","") | AD2: =IF(AND('01_Estado_Actual'!$L$29="Para Programar",'01_Estado_Actual'!$G$29>0),"01 Replanteo - Marcación de tramo de cañería principal","") | AE2: =IF(AND('01_Estado_Actual'!$L$53="Para Programar",'01_Estado_Actual'!$G$53>0),"01 Replanteo - Marcación de tramo de cañería principal","") | AF2: =IF(AND('01_Estado_Actual'!$L$77="Para Programar",'01_Estado_Actual'!$G$77>0),"01 Replanteo - Marcación de tramo de cañería principal","") | AG2: =IF(AND('01_Estado_Actual'!$L$101="Para Programar",'01_Estado_Actual'!$G$101>0),"01 Replanteo - Marcación de tramo de cañería principal","") | AH2: =IF(AND('01_Estado_Actual'!$L$125="Para Programar",'01_Estado_Actual'!$G$125>0),"01 Replanteo - Marcación de tramo de cañería principal","") | AI2: =IF(AND('01_Estado_Actual'!$L$149="Para Programar",'01_Estado_Actual'!$G$149>0),"01 Replanteo - Marcación de tramo de cañería principal","") | AJ2: =IF(AND('01_Estado_Actual'!$L$173="Para Programar",'01_Estado_Actual'!$G$173>0),"01 Replanteo - Marcación de tramo de cañería principal","") | AK2: =IF(AND('01_Estado_Actual'!$L$197="Para Programar",'01_Estado_Actual'!$G$197>0),"01 Replanteo - Marcación de tramo de cañería principal","") | AL2: =IF(AND('01_Estado_Actual'!$L$221="Para Programar",'01_Estado_Actual'!$G$221>0),"01 Replanteo - Marcación de tramo de cañería principal","") | AM2: =IF(AND('01_Estado_Actual'!$L$245="Para Programar",'01_Estado_Actual'!$G$245>0),"01 Replanteo - Marcación de tramo de cañería principal","") -> 01 Replanteo - Marcación de tramo de cañería principal | AN2: =IF(AND('01_Estado_Actual'!$L$269="Para Programar",'01_Estado_Actual'!$G$269>0),"01 Replanteo - Marcación de tramo de cañería principal","") | AO2: =IF(AND('01_Estado_Actual'!$L$293="Para Programar",'01_Estado_Actual'!$G$293>0),"01 Replanteo - Marcación de tramo de cañería principal","") | AP2: =IF(AND('01_Estado_Actual'!$L$317="Para Programar",'01_Estado_Actual'!$G$317>0),"01 Replanteo - Marcación de tramo de cañería principal","") | AQ2: =IF(AND('01_Estado_Actual'!$L$341="Para Programar",'01_Estado_Actual'!$G$341>0),"01 Replanteo - Marcación de tramo de cañería principal","") | AR2: =IF(AND('01_Estado_Actual'!$L$365="Para Programar",'01_Estado_Actual'!$G$365>0),"01 Replanteo - Marcación de tramo de cañería principal","") | AS2: =IF(AND('01_Estado_Actual'!$L$389="Para Programar",'01_Estado_Actual'!$G$389>0),"01 Replanteo - Marcación de tramo de cañería principal","") | AT2: =IF(AND('01_Estado_Actual'!$L$413="Para Programar",'01_Estado_Actual'!$G$413>0),"01 Replanteo - Marcación de tramo de cañería principal","") | AU2: =IF(AND('01_Estado_Actual'!$L$437="Para Programar",'01_Estado_Actual'!$G$437>0),"01 Replanteo - Marcación de tramo de cañería principal","") | AV2: =IF(AND('01_Estado_Actual'!$L$461="Para Programar",'01_Estado_Actual'!$G$461>0),"01 Replanteo - Marcación de tramo de cañería principal","") | AW2: =IF(AND('01_Estado_Actual'!$L$485="Para Programar",'01_Estado_Actual'!$G$485>0),"01 Replanteo - Marcación de tramo de cañería principal","") | AX2: =IF(AND('01_Estado_Actual'!$L$509="Para Programar",'01_Estado_Actual'!$G$509>0),"01 Replanteo - Marcación de tramo de cañería principal","") | AY2: =IF(AND('01_Estado_Actual'!$L$533="Para Programar",'01_Estado_Actual'!$G$533>0),"01 Replanteo - Marcación de tramo de cañería principal","") | AZ2: =IF(AND('01_Estado_Actual'!$L$557="Para Programar",'01_Estado_Actual'!$G$557>0),"01 Replanteo - Marcación de tramo de cañería principal","") | BA2: =IF(AND('01_Estado_Actual'!$L$581="Para Programar",'01_Estado_Actual'!$G$581>0),"01 Replanteo - Marcación de tramo de cañería principal","") | BB2: =IF(AND('01_Estado_Actual'!$L$605="Para Programar",'01_Estado_Actual'!$G$605>0),"01 Replanteo - Marcación de tramo de cañería principal","") | BC2: =IF(AND('01_Estado_Actual'!$L$629="Para Programar",'01_Estado_Actual'!$G$629>0),"01 Replanteo - Marcación de tramo de cañería principal","") | BD2: =IF(AND('01_Estado_Actual'!$L$653="Para Programar",'01_Estado_Actual'!$G$653>0),"01 Replanteo - Marcación de tramo de cañería principal","") | BE2: =IF(AND('01_Estado_Actual'!$L$677="Para Programar",'01_Estado_Actual'!$G$677>0),"01 Replanteo - Marcación de tramo de cañería principal","") | BF2: =IF(AND('01_Estado_Actual'!$L$701="Para Programar",'01_Estado_Actual'!$G$701>0),"01 Replanteo - Marcación de tramo de cañería principal","") | BG2: =IF(AND('01_Estado_Actual'!$L$725="Para Programar",'01_Estado_Actual'!$G$725>0),"01 Replanteo - Marcación de tramo de cañería principal","") | BH2: =IF(AND('01_Estado_Actual'!$L$749="Para Programar",'01_Estado_Actual'!$G$749>0),"01 Replanteo - Marcación de tramo de cañería principal","") | BI2: =IF(AND('01_Estado_Actual'!$L$773="Para Programar",'01_Estado_Actual'!$G$773>0),"01 Replanteo - Marcación de tramo de cañería principal","") | BJ2: =IF(AND('01_Estado_Actual'!$L$797="Para Programar",'01_Estado_Actual'!$G$797>0),"01 Replanteo - Marcación de tramo de cañería principal","") | BK2: =IF(AND('01_Estado_Actual'!$L$821="Para Programar",'01_Estado_Actual'!$G$821>0),"01 Replanteo - Marcación de tramo de cañería principal","") | BL2: =IF(AND('01_Estado_Actual'!$L$845="Para Programar",'01_Estado_Actual'!$G$845>0),"01 Replanteo - Marcación de tramo de cañería principal","") | BM2: =IF(AND('01_Estado_Actual'!$L$869="Para Programar",'01_Estado_Actual'!$G$869>0),"01 Replanteo - Marcación de tramo de cañería principal","") | BN2: =IF(AND('01_Estado_Actual'!$L$893="Para Programar",'01_Estado_Actual'!$G$893>0),"01 Replanteo - Marcación de tramo de cañería principal","") | BO2: =IF(AND('01_Estado_Actual'!$L$917="Para Programar",'01_Estado_Actual'!$G$917>0),"01 Replanteo - Marcación de tramo de cañería principal","") | BP2: =IF(AND('01_Estado_Actual'!$L$941="Para Programar",'01_Estado_Actual'!$G$941>0),"01 Replanteo - Marcación de tramo de cañería principal","") | BQ2: =IF(AND('01_Estado_Actual'!$L$965="Para Programar",'01_Estado_Actual'!$G$965>0),"01 Replanteo - Marcación de tramo de cañería principal","") | BR2: =IF(AND('01_Estado_Actual'!$L$989="Para Programar",'01_Estado_Actual'!$G$989>0),"01 Replanteo - Marcación de tramo de cañería principal","") | BS2: =IF(AND('01_Estado_Actual'!$L$1013="Para Programar",'01_Estado_Actual'!$G$1013>0),"01 Replanteo - Marcación de tramo de cañería principal","") | BT2: =IF(AND('01_Estado_Actual'!$L$1037="Para Programar",'01_Estado_Actual'!$G$1037>0),"01 Replanteo - Marcación de tramo de cañería principal","") | BU2: =IF(AND('01_Estado_Actual'!$L$1061="Para Programar",'01_Estado_Actual'!$G$1061>0),"01 Replanteo - Marcación de tramo de cañería principal","") | BV2: =IF(AND('01_Estado_Actual'!$L$1085="Para Programar",'01_Estado_Actual'!$G$1085>0),"01 Replanteo - Marcación de tramo de cañería principal","") | BW2: =IF(AND('01_Estado_Actual'!$L$1109="Para Programar",'01_Estado_Actual'!$G$1109>0),"01 Replanteo - Marcación de tramo de cañería principal","") | BX2: =IF(AND('01_Estado_Actual'!$L$1133="Para Programar",'01_Estado_Actual'!$G$1133>0),"01 Replanteo - Marcación de tramo de cañería principal","") | BY2: =IF(AND('01_Estado_Actual'!$L$1157="Para Programar",'01_Estado_Actual'!$G$1157>0),"01 Replanteo - Marcación de tramo de cañería principal","") | BZ2: =IF(AND('01_Estado_Actual'!$L$1181="Para Programar",'01_Estado_Actual'!$G$1181>0),"01 Replanteo - Marcación de tramo de cañería principal","")
AA3: N1 - N4 | AC3: =IF(AND('01_Estado_Actual'!$L$6="Para Programar",'01_Estado_Actual'!$G$6>0),"02 Excavación - Zanja principal","") | AD3: =IF(AND('01_Estado_Actual'!$L$30="Para Programar",'01_Estado_Actual'!$G$30>0),"02 Excavación - Zanja principal","") | AE3: =IF(AND('01_Estado_Actual'!$L$54="Para Programar",'01_Estado_Actual'!$G$54>0),"02 Excavación - Zanja principal","") | AF3: =IF(AND('01_Estado_Actual'!$L$78="Para Programar",'01_Estado_Actual'!$G$78>0),"02 Excavación - Zanja principal","") | AG3: =IF(AND('01_Estado_Actual'!$L$102="Para Programar",'01_Estado_Actual'!$G$102>0),"02 Excavación - Zanja principal","") | AH3: =IF(AND('01_Estado_Actual'!$L$126="Para Programar",'01_Estado_Actual'!$G$126>0),"02 Excavación - Zanja principal","") | AI3: =IF(AND('01_Estado_Actual'!$L$150="Para Programar",'01_Estado_Actual'!$G$150>0),"02 Excavación - Zanja principal","") | AJ3: =IF(AND('01_Estado_Actual'!$L$174="Para Programar",'01_Estado_Actual'!$G$174>0),"02 Excavación - Zanja principal","") | AK3: =IF(AND('01_Estado_Actual'!$L$198="Para Programar",'01_Estado_Actual'!$G$198>0),"02 Excavación - Zanja principal","") | AL3: =IF(AND('01_Estado_Actual'!$L$222="Para Programar",'01_Estado_Actual'!$G$222>0),"02 Excavación - Zanja principal","") | AM3: =IF(AND('01_Estado_Actual'!$L$246="Para Programar",'01_Estado_Actual'!$G$246>0),"02 Excavación - Zanja principal","") -> 02 Excavación - Zanja principal | AN3: =IF(AND('01_Estado_Actual'!$L$270="Para Programar",'01_Estado_Actual'!$G$270>0),"02 Excavación - Zanja principal","") | AO3: =IF(AND('01_Estado_Actual'!$L$294="Para Programar",'01_Estado_Actual'!$G$294>0),"02 Excavación - Zanja principal","") | AP3: =IF(AND('01_Estado_Actual'!$L$318="Para Programar",'01_Estado_Actual'!$G$318>0),"02 Excavación - Zanja principal","") | AQ3: =IF(AND('01_Estado_Actual'!$L$342="Para Programar",'01_Estado_Actual'!$G$342>0),"02 Excavación - Zanja principal","") | AR3: =IF(AND('01_Estado_Actual'!$L$366="Para Programar",'01_Estado_Actual'!$G$366>0),"02 Excavación - Zanja principal","") | AS3: =IF(AND('01_Estado_Actual'!$L$390="Para Programar",'01_Estado_Actual'!$G$390>0),"02 Excavación - Zanja principal","") | AT3: =IF(AND('01_Estado_Actual'!$L$414="Para Programar",'01_Estado_Actual'!$G$414>0),"02 Excavación - Zanja principal","") | AU3: =IF(AND('01_Estado_Actual'!$L$438="Para Programar",'01_Estado_Actual'!$G$438>0),"02 Excavación - Zanja principal","") | AV3: =IF(AND('01_Estado_Actual'!$L$462="Para Programar",'01_Estado_Actual'!$G$462>0),"02 Excavación - Zanja principal","") | AW3: =IF(AND('01_Estado_Actual'!$L$486="Para Programar",'01_Estado_Actual'!$G$486>0),"02 Excavación - Zanja principal","") | AX3: =IF(AND('01_Estado_Actual'!$L$510="Para Programar",'01_Estado_Actual'!$G$510>0),"02 Excavación - Zanja principal","") | AY3: =IF(AND('01_Estado_Actual'!$L$534="Para Programar",'01_Estado_Actual'!$G$534>0),"02 Excavación - Zanja principal","") | AZ3: =IF(AND('01_Estado_Actual'!$L$558="Para Programar",'01_Estado_Actual'!$G$558>0),"02 Excavación - Zanja principal","") | BA3: =IF(AND('01_Estado_Actual'!$L$582="Para Programar",'01_Estado_Actual'!$G$582>0),"02 Excavación - Zanja principal","") | BB3: =IF(AND('01_Estado_Actual'!$L$606="Para Programar",'01_Estado_Actual'!$G$606>0),"02 Excavación - Zanja principal","") | BC3: =IF(AND('01_Estado_Actual'!$L$630="Para Programar",'01_Estado_Actual'!$G$630>0),"02 Excavación - Zanja principal","") | BD3: =IF(AND('01_Estado_Actual'!$L$654="Para Programar",'01_Estado_Actual'!$G$654>0),"02 Excavación - Zanja principal","") | BE3: =IF(AND('01_Estado_Actual'!$L$678="Para Programar",'01_Estado_Actual'!$G$678>0),"02 Excavación - Zanja principal","") | BF3: =IF(AND('01_Estado_Actual'!$L$702="Para Programar",'01_Estado_Actual'!$G$702>0),"02 Excavación - Zanja principal","") | BG3: =IF(AND('01_Estado_Actual'!$L$726="Para Programar",'01_Estado_Actual'!$G$726>0),"02 Excavación - Zanja principal","") | BH3: =IF(AND('01_Estado_Actual'!$L$750="Para Programar",'01_Estado_Actual'!$G$750>0),"02 Excavación - Zanja principal","") | BI3: =IF(AND('01_Estado_Actual'!$L$774="Para Programar",'01_Estado_Actual'!$G$774>0),"02 Excavación - Zanja principal","") | BJ3: =IF(AND('01_Estado_Actual'!$L$798="Para Programar",'01_Estado_Actual'!$G$798>0),"02 Excavación - Zanja principal","") | BK3: =IF(AND('01_Estado_Actual'!$L$822="Para Programar",'01_Estado_Actual'!$G$822>0),"02 Excavación - Zanja principal","") | BL3: =IF(AND('01_Estado_Actual'!$L$846="Para Programar",'01_Estado_Actual'!$G$846>0),"02 Excavación - Zanja principal","") | BM3: =IF(AND('01_Estado_Actual'!$L$870="Para Programar",'01_Estado_Actual'!$G$870>0),"02 Excavación - Zanja principal","") | BN3: =IF(AND('01_Estado_Actual'!$L$894="Para Programar",'01_Estado_Actual'!$G$894>0),"02 Excavación - Zanja principal","") | BO3: =IF(AND('01_Estado_Actual'!$L$918="Para Programar",'01_Estado_Actual'!$G$918>0),"02 Excavación - Zanja principal","") | BP3: =IF(AND('01_Estado_Actual'!$L$942="Para Programar",'01_Estado_Actual'!$G$942>0),"02 Excavación - Zanja principal","") | BQ3: =IF(AND('01_Estado_Actual'!$L$966="Para Programar",'01_Estado_Actual'!$G$966>0),"02 Excavación - Zanja principal","") | BR3: =IF(AND('01_Estado_Actual'!$L$990="Para Programar",'01_Estado_Actual'!$G$990>0),"02 Excavación - Zanja principal","") | BS3: =IF(AND('01_Estado_Actual'!$L$1014="Para Programar",'01_Estado_Actual'!$G$1014>0),"02 Excavación - Zanja principal","") | BT3: =IF(AND('01_Estado_Actual'!$L$1038="Para Programar",'01_Estado_Actual'!$G$1038>0),"02 Excavación - Zanja principal","") | BU3: =IF(AND('01_Estado_Actual'!$L$1062="Para Programar",'01_Estado_Actual'!$G$1062>0),"02 Excavación - Zanja principal","") | BV3: =IF(AND('01_Estado_Actual'!$L$1086="Para Programar",'01_Estado_Actual'!$G$1086>0),"02 Excavación - Zanja principal","") | BW3: =IF(AND('01_Estado_Actual'!$L$1110="Para Programar",'01_Estado_Actual'!$G$1110>0),"02 Excavación - Zanja principal","") | BX3: =IF(AND('01_Estado_Actual'!$L$1134="Para Programar",'01_Estado_Actual'!$G$1134>0),"02 Excavación - Zanja principal","") | BY3: =IF(AND('01_Estado_Actual'!$L$1158="Para Programar",'01_Estado_Actual'!$G$1158>0),"02 Excavación - Zanja principal","") | BZ3: =IF(AND('01_Estado_Actual'!$L$1182="Para Programar",'01_Estado_Actual'!$G$1182>0),"02 Excavación - Zanja principal","")
A4: ID Plan | B4: Sector / Tramo | C4: Actividad | D4: Unidad | E4: Cantidad pendiente | F4: Rendimiento esperado/día | G4: Duración calc. (días) | H4: Inicio plan | I4: Fin plan | J4: Cuadrilla | K4: Equipo | L4: Material crítico | M4: Responsable | N4: Estado | O4: Control | P4: ID interno | Q4: Pasaje / Calle | R4: Ø (mm) | AA4: N9 - N11 | AC4: =IF(AND('01_Estado_Actual'!$L$7="Para Programar",'01_Estado_Actual'!$G$7>0),"03 Base de asiento - Nivelación de fondo de zanja","") | AD4: =IF(AND('01_Estado_Actual'!$L$31="Para Programar",'01_Estado_Actual'!$G$31>0),"03 Base de asiento - Nivelación de fondo de zanja","") | AE4: =IF(AND('01_Estado_Actual'!$L$55="Para Programar",'01_Estado_Actual'!$G$55>0),"03 Base de asiento - Nivelación de fondo de zanja","") | AF4: =IF(AND('01_Estado_Actual'!$L$79="Para Programar",'01_Estado_Actual'!$G$79>0),"03 Base de asiento - Nivelación de fondo de zanja","") -> 03 Base de asiento - Nivelación de fondo de zanja | AG4: =IF(AND('01_Estado_Actual'!$L$103="Para Programar",'01_Estado_Actual'!$G$103>0),"03 Base de asiento - Nivelación de fondo de zanja","") | AH4: =IF(AND('01_Estado_Actual'!$L$127="Para Programar",'01_Estado_Actual'!$G$127>0),"03 Base de asiento - Nivelación de fondo de zanja","") | AI4: =IF(AND('01_Estado_Actual'!$L$151="Para Programar",'01_Estado_Actual'!$G$151>0),"03 Base de asiento - Nivelación de fondo de zanja","") | AJ4: =IF(AND('01_Estado_Actual'!$L$175="Para Programar",'01_Estado_Actual'!$G$175>0),"03 Base de asiento - Nivelación de fondo de zanja","") | AK4: =IF(AND('01_Estado_Actual'!$L$199="Para Programar",'01_Estado_Actual'!$G$199>0),"03 Base de asiento - Nivelación de fondo de zanja","") | AL4: =IF(AND('01_Estado_Actual'!$L$223="Para Programar",'01_Estado_Actual'!$G$223>0),"03 Base de asiento - Nivelación de fondo de zanja","") | AM4: =IF(AND('01_Estado_Actual'!$L$247="Para Programar",'01_Estado_Actual'!$G$247>0),"03 Base de asiento - Nivelación de fondo de zanja","") -> 03 Base de asiento - Nivelación de fondo de zanja | AN4: =IF(AND('01_Estado_Actual'!$L$271="Para Programar",'01_Estado_Actual'!$G$271>0),"03 Base de asiento - Nivelación de fondo de zanja","") | AO4: =IF(AND('01_Estado_Actual'!$L$295="Para Programar",'01_Estado_Actual'!$G$295>0),"03 Base de asiento - Nivelación de fondo de zanja","") | AP4: =IF(AND('01_Estado_Actual'!$L$319="Para Programar",'01_Estado_Actual'!$G$319>0),"03 Base de asiento - Nivelación de fondo de zanja","") | AQ4: =IF(AND('01_Estado_Actual'!$L$343="Para Programar",'01_Estado_Actual'!$G$343>0),"03 Base de asiento - Nivelación de fondo de zanja","") | AR4: =IF(AND('01_Estado_Actual'!$L$367="Para Programar",'01_Estado_Actual'!$G$367>0),"03 Base de asiento - Nivelación de fondo de zanja","") | AS4: =IF(AND('01_Estado_Actual'!$L$391="Para Programar",'01_Estado_Actual'!$G$391>0),"03 Base de asiento - Nivelación de fondo de zanja","") | AT4: =IF(AND('01_Estado_Actual'!$L$415="Para Programar",'01_Estado_Actual'!$G$415>0),"03 Base de asiento - Nivelación de fondo de zanja","") | AU4: =IF(AND('01_Estado_Actual'!$L$439="Para Programar",'01_Estado_Actual'!$G$439>0),"03 Base de asiento - Nivelación de fondo de zanja","") | AV4: =IF(AND('01_Estado_Actual'!$L$463="Para Programar",'01_Estado_Actual'!$G$463>0),"03 Base de asiento - Nivelación de fondo de zanja","") | AW4: =IF(AND('01_Estado_Actual'!$L$487="Para Programar",'01_Estado_Actual'!$G$487>0),"03 Base de asiento - Nivelación de fondo de zanja","") | AX4: =IF(AND('01_Estado_Actual'!$L$511="Para Programar",'01_Estado_Actual'!$G$511>0),"03 Base de asiento - Nivelación de fondo de zanja","") | AY4: =IF(AND('01_Estado_Actual'!$L$535="Para Programar",'01_Estado_Actual'!$G$535>0),"03 Base de asiento - Nivelación de fondo de zanja","") | AZ4: =IF(AND('01_Estado_Actual'!$L$559="Para Programar",'01_Estado_Actual'!$G$559>0),"03 Base de asiento - Nivelación de fondo de zanja","") | BA4: =IF(AND('01_Estado_Actual'!$L$583="Para Programar",'01_Estado_Actual'!$G$583>0),"03 Base de asiento - Nivelación de fondo de zanja","") | BB4: =IF(AND('01_Estado_Actual'!$L$607="Para Programar",'01_Estado_Actual'!$G$607>0),"03 Base de asiento - Nivelación de fondo de zanja","") | BC4: =IF(AND('01_Estado_Actual'!$L$631="Para Programar",'01_Estado_Actual'!$G$631>0),"03 Base de asiento - Nivelación de fondo de zanja","") | BD4: =IF(AND('01_Estado_Actual'!$L$655="Para Programar",'01_Estado_Actual'!$G$655>0),"03 Base de asiento - Nivelación de fondo de zanja","") | BE4: =IF(AND('01_Estado_Actual'!$L$679="Para Programar",'01_Estado_Actual'!$G$679>0),"03 Base de asiento - Nivelación de fondo de zanja","") | BF4: =IF(AND('01_Estado_Actual'!$L$703="Para Programar",'01_Estado_Actual'!$G$703>0),"03 Base de asiento - Nivelación de fondo de zanja","") | BG4: =IF(AND('01_Estado_Actual'!$L$727="Para Programar",'01_Estado_Actual'!$G$727>0),"03 Base de asiento - Nivelación de fondo de zanja","") | BH4: =IF(AND('01_Estado_Actual'!$L$751="Para Programar",'01_Estado_Actual'!$G$751>0),"03 Base de asiento - Nivelación de fondo de zanja","") | BI4: =IF(AND('01_Estado_Actual'!$L$775="Para Programar",'01_Estado_Actual'!$G$775>0),"03 Base de asiento - Nivelación de fondo de zanja","") | BJ4: =IF(AND('01_Estado_Actual'!$L$799="Para Programar",'01_Estado_Actual'!$G$799>0),"03 Base de asiento - Nivelación de fondo de zanja","") | BK4: =IF(AND('01_Estado_Actual'!$L$823="Para Programar",'01_Estado_Actual'!$G$823>0),"03 Base de asiento - Nivelación de fondo de zanja","") | BL4: =IF(AND('01_Estado_Actual'!$L$847="Para Programar",'01_Estado_Actual'!$G$847>0),"03 Base de asiento - Nivelación de fondo de zanja","") | BM4: =IF(AND('01_Estado_Actual'!$L$871="Para Programar",'01_Estado_Actual'!$G$871>0),"03 Base de asiento - Nivelación de fondo de zanja","") | BN4: =IF(AND('01_Estado_Actual'!$L$895="Para Programar",'01_Estado_Actual'!$G$895>0),"03 Base de asiento - Nivelación de fondo de zanja","") | BO4: =IF(AND('01_Estado_Actual'!$L$919="Para Programar",'01_Estado_Actual'!$G$919>0),"03 Base de asiento - Nivelación de fondo de zanja","") | BP4: =IF(AND('01_Estado_Actual'!$L$943="Para Programar",'01_Estado_Actual'!$G$943>0),"03 Base de asiento - Nivelación de fondo de zanja","") | BQ4: =IF(AND('01_Estado_Actual'!$L$967="Para Programar",'01_Estado_Actual'!$G$967>0),"03 Base de asiento - Nivelación de fondo de zanja","") | BR4: =IF(AND('01_Estado_Actual'!$L$991="Para Programar",'01_Estado_Actual'!$G$991>0),"03 Base de asiento - Nivelación de fondo de zanja","") | BS4: =IF(AND('01_Estado_Actual'!$L$1015="Para Programar",'01_Estado_Actual'!$G$1015>0),"03 Base de asiento - Nivelación de fondo de zanja","") | BT4: =IF(AND('01_Estado_Actual'!$L$1039="Para Programar",'01_Estado_Actual'!$G$1039>0),"03 Base de asiento - Nivelación de fondo de zanja","") | BU4: =IF(AND('01_Estado_Actual'!$L$1063="Para Programar",'01_Estado_Actual'!$G$1063>0),"03 Base de asiento - Nivelación de fondo de zanja","") | BV4: =IF(AND('01_Estado_Actual'!$L$1087="Para Programar",'01_Estado_Actual'!$G$1087>0),"03 Base de asiento - Nivelación de fondo de zanja","") | BW4: =IF(AND('01_Estado_Actual'!$L$1111="Para Programar",'01_Estado_Actual'!$G$1111>0),"03 Base de asiento - Nivelación de fondo de zanja","") | BX4: =IF(AND('01_Estado_Actual'!$L$1135="Para Programar",'01_Estado_Actual'!$G$1135>0),"03 Base de asiento - Nivelación de fondo de zanja","") | BY4: =IF(AND('01_Estado_Actual'!$L$1159="Para Programar",'01_Estado_Actual'!$G$1159>0),"03 Base de asiento - Nivelación de fondo de zanja","") | BZ4: =IF(AND('01_Estado_Actual'!$L$1183="Para Programar",'01_Estado_Actual'!$G$1183>0),"03 Base de asiento - Nivelación de fondo de zanja","")
A5: =IF(OR(B5="",C5=""),"","PLAN-"&1) | D5: =IF(OR(B5="",C5=""),"",IF(C5="06 Servicios - Colocación de vaina / caño camisa","u",IF(C5="07 Hidrante - Ejecución completa","%",IFERROR(_xludf.XLOOKUP(B5&"|"&C5,'07_Base_Tecnica'!$AK$2:$AK$1201,'07_Base_Tecnica'!$AL$2:$AL$1201,""),"")))) | E5: =IF(OR(B5="",C5=""),"",IF(C5="06 Servicios - Colocación de vaina / caño camisa",MAX(0,IFERROR(_xludf.XLOOKUP(B5,'07_Base_Tecnica'!$K$5:$K$54,'07_Base_Tecnica'!$Q$5:$Q$54,0),0)-MAX(SUMIFS('05_Parte_Diario'!$H$5:$H$204,'05_Parte_Diario'!$D$5:$D$204,B5,'05_Parte_Diario'!$E$5:$E$204,"06 Servicios - Colocación de vaina / caño camisa"),COUNTIFS('06_Control_Semanal'!$B$283:$B$533,B5,'06_Control_Semanal'!$D$283:$D$533,"Colocada"))),IF(C5="07 Hidrante - Ejecución completa",MAX(0,100-SUMIFS('06_Control_Semanal'!$D$203:$D$222,'06_Control_Semanal'!$C$203:$C$222,B5)),IFERROR(_xludf.XLOOKUP(B5&"|"&C5,'02_Para_Programar'!$N$5:$N$304,'02_Para_Programar'!$F$5:$F$304,0),0)))) | G5: =IFERROR(ROUNDUP(E5/F5,0),"") | O5: =IF(OR(B5="",C5=""),"",IF(C5="07 Hidrante - Ejecución completa",IF(COUNTIF('06_Control_Semanal'!$C$203:$C$222,B5)>1,"ALERTA: >1 HIDRANTE",IF(E5>0,"OK","SIN SALDO / NO PROGRAMAR")),IF(E5>0,"OK","SIN SALDO / NO PROGRAMAR"))) | P5: =IF(OR(B5="",C5=""),"",IF(C5="07 Hidrante - Ejecución completa","HID|"&B5,IF(C5="06 Servicios - Colocación de vaina / caño camisa","SV|"&B5,B5&"|"&C5))) | Q5: =IF(B5="","",IFERROR(_xludf.XLOOKUP(B5,'07_Base_Tecnica'!$K$5:$K$54,'07_Base_Tecnica'!$W$5:$W$54,""),"")) | R5: =IF(B5="","",IFERROR(_xludf.XLOOKUP(B5,'07_Base_Tecnica'!$K$5:$K$54,'07_Base_Tecnica'!$X$5:$X$54,""),"")) | AA5: N10 - N15 | AC5: =IF(AND('01_Estado_Actual'!$L$8="Para Programar",'01_Estado_Actual'!$G$8>0),"03 Base de asiento - Aporte de material base e=0,10 m","") | AD5: =IF(AND('01_Estado_Actual'!$L$32="Para Programar",'01_Estado_Actual'!$G$32>0),"03 Base de asiento - Aporte de material base e=0,10 m","") | AE5: =IF(AND('01_Estado_Actual'!$L$56="Para Programar",'01_Estado_Actual'!$G$56>0),"03 Base de asiento - Aporte de material base e=0,10 m","") | AF5: =IF(AND('01_Estado_Actual'!$L$80="Para Programar",'01_Estado_Actual'!$G$80>0),"03 Base de asiento - Aporte de material base e=0,10 m","") -> 03 Base de asiento - Aporte de material base e=0,10 m | AG5: =IF(AND('01_Estado_Actual'!$L$104="Para Programar",'01_Estado_Actual'!$G$104>0),"03 Base de asiento - Aporte de material base e=0,10 m","") | AH5: =IF(AND('01_Estado_Actual'!$L$128="Para Programar",'01_Estado_Actual'!$G$128>0),"03 Base de asiento - Aporte de material base e=0,10 m","") | AI5: =IF(AND('01_Estado_Actual'!$L$152="Para Programar",'01_Estado_Actual'!$G$152>0),"03 Base de asiento - Aporte de material base e=0,10 m","") | AJ5: =IF(AND('01_Estado_Actual'!$L$176="Para Programar",'01_Estado_Actual'!$G$176>0),"03 Base de asiento - Aporte de material base e=0,10 m","") | AK5: =IF(AND('01_Estado_Actual'!$L$200="Para Programar",'01_Estado_Actual'!$G$200>0),"03 Base de asiento - Aporte de material base e=0,10 m","") | AL5: =IF(AND('01_Estado_Actual'!$L$224="Para Programar",'01_Estado_Actual'!$G$224>0),"03 Base de asiento - Aporte de material base e=0,10 m","") | AM5: =IF(AND('01_Estado_Actual'!$L$248="Para Programar",'01_Estado_Actual'!$G$248>0),"03 Base de asiento - Aporte de material base e=0,10 m","") -> 03 Base de asiento - Aporte de material base e=0,10 m | AN5: =IF(AND('01_Estado_Actual'!$L$272="Para Programar",'01_Estado_Actual'!$G$272>0),"03 Base de asiento - Aporte de material base e=0,10 m","") | AO5: =IF(AND('01_Estado_Actual'!$L$296="Para Programar",'01_Estado_Actual'!$G$296>0),"03 Base de asiento - Aporte de material base e=0,10 m","") | AP5: =IF(AND('01_Estado_Actual'!$L$320="Para Programar",'01_Estado_Actual'!$G$320>0),"03 Base de asiento - Aporte de material base e=0,10 m","") | AQ5: =IF(AND('01_Estado_Actual'!$L$344="Para Programar",'01_Estado_Actual'!$G$344>0),"03 Base de asiento - Aporte de material base e=0,10 m","") | AR5: =IF(AND('01_Estado_Actual'!$L$368="Para Programar",'01_Estado_Actual'!$G$368>0),"03 Base de asiento - Aporte de material base e=0,10 m","") | AS5: =IF(AND('01_Estado_Actual'!$L$392="Para Programar",'01_Estado_Actual'!$G$392>0),"03 Base de asiento - Aporte de material base e=0,10 m","") | AT5: =IF(AND('01_Estado_Actual'!$L$416="Para Programar",'01_Estado_Actual'!$G$416>0),"03 Base de asiento - Aporte de material base e=0,10 m","") | AU5: =IF(AND('01_Estado_Actual'!$L$440="Para Programar",'01_Estado_Actual'!$G$440>0),"03 Base de asiento - Aporte de material base e=0,10 m","") | AV5: =IF(AND('01_Estado_Actual'!$L$464="Para Programar",'01_Estado_Actual'!$G$464>0),"03 Base de asiento - Aporte de material base e=0,10 m","") | AW5: =IF(AND('01_Estado_Actual'!$L$488="Para Programar",'01_Estado_Actual'!$G$488>0),"03 Base de asiento - Aporte de material base e=0,10 m","") | AX5: =IF(AND('01_Estado_Actual'!$L$512="Para Programar",'01_Estado_Actual'!$G$512>0),"03 Base de asiento - Aporte de material base e=0,10 m","") | AY5: =IF(AND('01_Estado_Actual'!$L$536="Para Programar",'01_Estado_Actual'!$G$536>0),"03 Base de asiento - Aporte de material base e=0,10 m","") | AZ5: =IF(AND('01_Estado_Actual'!$L$560="Para Programar",'01_Estado_Actual'!$G$560>0),"03 Base de asiento - Aporte de material base e=0,10 m","") | BA5: =IF(AND('01_Estado_Actual'!$L$584="Para Programar",'01_Estado_Actual'!$G$584>0),"03 Base de asiento - Aporte de material base e=0,10 m","") | BB5: =IF(AND('01_Estado_Actual'!$L$608="Para Programar",'01_Estado_Actual'!$G$608>0),"03 Base de asiento - Aporte de material base e=0,10 m","") | BC5: =IF(AND('01_Estado_Actual'!$L$632="Para Programar",'01_Estado_Actual'!$G$632>0),"03 Base de asiento - Aporte de material base e=0,10 m","") | BD5: =IF(AND('01_Estado_Actual'!$L$656="Para Programar",'01_Estado_Actual'!$G$656>0),"03 Base de asiento - Aporte de material base e=0,10 m","") | BE5: =IF(AND('01_Estado_Actual'!$L$680="Para Programar",'01_Estado_Actual'!$G$680>0),"03 Base de asiento - Aporte de material base e=0,10 m","") | BF5: =IF(AND('01_Estado_Actual'!$L$704="Para Programar",'01_Estado_Actual'!$G$704>0),"03 Base de asiento - Aporte de material base e=0,10 m","") | BG5: =IF(AND('01_Estado_Actual'!$L$728="Para Programar",'01_Estado_Actual'!$G$728>0),"03 Base de asiento - Aporte de material base e=0,10 m","") | BH5: =IF(AND('01_Estado_Actual'!$L$752="Para Programar",'01_Estado_Actual'!$G$752>0),"03 Base de asiento - Aporte de material base e=0,10 m","") | BI5: =IF(AND('01_Estado_Actual'!$L$776="Para Programar",'01_Estado_Actual'!$G$776>0),"03 Base de asiento - Aporte de material base e=0,10 m","") | BJ5: =IF(AND('01_Estado_Actual'!$L$800="Para Programar",'01_Estado_Actual'!$G$800>0),"03 Base de asiento - Aporte de material base e=0,10 m","") | BK5: =IF(AND('01_Estado_Actual'!$L$824="Para Programar",'01_Estado_Actual'!$G$824>0),"03 Base de asiento - Aporte de material base e=0,10 m","") | BL5: =IF(AND('01_Estado_Actual'!$L$848="Para Programar",'01_Estado_Actual'!$G$848>0),"03 Base de asiento - Aporte de material base e=0,10 m","") | BM5: =IF(AND('01_Estado_Actual'!$L$872="Para Programar",'01_Estado_Actual'!$G$872>0),"03 Base de asiento - Aporte de material base e=0,10 m","") | BN5: =IF(AND('01_Estado_Actual'!$L$896="Para Programar",'01_Estado_Actual'!$G$896>0),"03 Base de asiento - Aporte de material base e=0,10 m","") | BO5: =IF(AND('01_Estado_Actual'!$L$920="Para Programar",'01_Estado_Actual'!$G$920>0),"03 Base de asiento - Aporte de material base e=0,10 m","") | BP5: =IF(AND('01_Estado_Actual'!$L$944="Para Programar",'01_Estado_Actual'!$G$944>0),"03 Base de asiento - Aporte de material base e=0,10 m","") | BQ5: =IF(AND('01_Estado_Actual'!$L$968="Para Programar",'01_Estado_Actual'!$G$968>0),"03 Base de asiento - Aporte de material base e=0,10 m","") | BR5: =IF(AND('01_Estado_Actual'!$L$992="Para Programar",'01_Estado_Actual'!$G$992>0),"03 Base de asiento - Aporte de material base e=0,10 m","") | BS5: =IF(AND('01_Estado_Actual'!$L$1016="Para Programar",'01_Estado_Actual'!$G$1016>0),"03 Base de asiento - Aporte de material base e=0,10 m","") | BT5: =IF(AND('01_Estado_Actual'!$L$1040="Para Programar",'01_Estado_Actual'!$G$1040>0),"03 Base de asiento - Aporte de material base e=0,10 m","") | BU5: =IF(AND('01_Estado_Actual'!$L$1064="Para Programar",'01_Estado_Actual'!$G$1064>0),"03 Base de asiento - Aporte de material base e=0,10 m","") | BV5: =IF(AND('01_Estado_Actual'!$L$1088="Para Programar",'01_Estado_Actual'!$G$1088>0),"03 Base de asiento - Aporte de material base e=0,10 m","") | BW5: =IF(AND('01_Estado_Actual'!$L$1112="Para Programar",'01_Estado_Actual'!$G$1112>0),"03 Base de asiento - Aporte de material base e=0,10 m","") | BX5: =IF(AND('01_Estado_Actual'!$L$1136="Para Programar",'01_Estado_Actual'!$G$1136>0),"03 Base de asiento - Aporte de material base e=0,10 m","") | BY5: =IF(AND('01_Estado_Actual'!$L$1160="Para Programar",'01_Estado_Actual'!$G$1160>0),"03 Base de asiento - Aporte de material base e=0,10 m","") | BZ5: =IF(AND('01_Estado_Actual'!$L$1184="Para Programar",'01_Estado_Actual'!$G$1184>0),"03 Base de asiento - Aporte de material base e=0,10 m","")
A6: =IF(OR(B6="",C6=""),"","PLAN-"&2) | D6: =IF(OR(B6="",C6=""),"",IF(C6="06 Servicios - Colocación de vaina / caño camisa","u",IF(C6="07 Hidrante - Ejecución completa","%",IFERROR(_xludf.XLOOKUP(B6&"|"&C6,'07_Base_Tecnica'!$AK$2:$AK$1201,'07_Base_Tecnica'!$AL$2:$AL$1201,""),"")))) | E6: =IF(OR(B6="",C6=""),"",IF(C6="06 Servicios - Colocación de vaina / caño camisa",MAX(0,IFERROR(_xludf.XLOOKUP(B6,'07_Base_Tecnica'!$K$5:$K$54,'07_Base_Tecnica'!$Q$5:$Q$54,0),0)-MAX(SUMIFS('05_Parte_Diario'!$H$5:$H$204,'05_Parte_Diario'!$D$5:$D$204,B6,'05_Parte_Diario'!$E$5:$E$204,"06 Servicios - Colocación de vaina / caño camisa"),COUNTIFS('06_Control_Semanal'!$B$283:$B$533,B6,'06_Control_Semanal'!$D$283:$D$533,"Colocada"))),IF(C6="07 Hidrante - Ejecución completa",MAX(0,100-SUMIFS('06_Control_Semanal'!$D$203:$D$222,'06_Control_Semanal'!$C$203:$C$222,B6)),IFERROR(_xludf.XLOOKUP(B6&"|"&C6,'02_Para_Programar'!$N$5:$N$304,'02_Para_Programar'!$F$5:$F$304,0),0)))) | G6: =IFERROR(ROUNDUP(E6/F6,0),"") | O6: =IF(OR(B6="",C6=""),"",IF(C6="07 Hidrante - Ejecución completa",IF(COUNTIF('06_Control_Semanal'!$C$203:$C$222,B6)>1,"ALERTA: >1 HIDRANTE",IF(E6>0,"OK","SIN SALDO / NO PROGRAMAR")),IF(E6>0,"OK","SIN SALDO / NO PROGRAMAR"))) | P6: =IF(OR(B6="",C6=""),"",IF(C6="07 Hidrante - Ejecución completa","HID|"&B6,IF(C6="06 Servicios - Colocación de vaina / caño camisa","SV|"&B6,B6&"|"&C6))) | Q6: =IF(B6="","",IFERROR(_xludf.XLOOKUP(B6,'07_Base_Tecnica'!$K$5:$K$54,'07_Base_Tecnica'!$W$5:$W$54,""),"")) | R6: =IF(B6="","",IFERROR(_xludf.XLOOKUP(B6,'07_Base_Tecnica'!$K$5:$K$54,'07_Base_Tecnica'!$X$5:$X$54,""),"")) | AA6: N11 - N12 | AC6: =IF(AND('01_Estado_Actual'!$L$9="Para Programar",'01_Estado_Actual'!$G$9>0),"03 Base de asiento - Compactación","") | AD6: =IF(AND('01_Estado_Actual'!$L$33="Para Programar",'01_Estado_Actual'!$G$33>0),"03 Base de asiento - Compactación","") | AE6: =IF(AND('01_Estado_Actual'!$L$57="Para Programar",'01_Estado_Actual'!$G$57>0),"03 Base de asiento - Compactación","") | AF6: =IF(AND('01_Estado_Actual'!$L$81="Para Programar",'01_Estado_Actual'!$G$81>0),"03 Base de asiento - Compactación","") -> 03 Base de asiento - Compactación | AG6: =IF(AND('01_Estado_Actual'!$L$105="Para Programar",'01_Estado_Actual'!$G$105>0),"03 Base de asiento - Compactación","") | AH6: =IF(AND('01_Estado_Actual'!$L$129="Para Programar",'01_Estado_Actual'!$G$129>0),"03 Base de asiento - Compactación","") | AI6: =IF(AND('01_Estado_Actual'!$L$153="Para Programar",'01_Estado_Actual'!$G$153>0),"03 Base de asiento - Compactación","") | AJ6: =IF(AND('01_Estado_Actual'!$L$177="Para Programar",'01_Estado_Actual'!$G$177>0),"03 Base de asiento - Compactación","") -> 03 Base de asiento - Compactación | AK6: =IF(AND('01_Estado_Actual'!$L$201="Para Programar",'01_Estado_Actual'!$G$201>0),"03 Base de asiento - Compactación","") -> 03 Base de asiento - Compactación | AL6: =IF(AND('01_Estado_Actual'!$L$225="Para Programar",'01_Estado_Actual'!$G$225>0),"03 Base de asiento - Compactación","") | AM6: =IF(AND('01_Estado_Actual'!$L$249="Para Programar",'01_Estado_Actual'!$G$249>0),"03 Base de asiento - Compactación","") -> 03 Base de asiento - Compactación | AN6: =IF(AND('01_Estado_Actual'!$L$273="Para Programar",'01_Estado_Actual'!$G$273>0),"03 Base de asiento - Compactación","") -> 03 Base de asiento - Compactación | AO6: =IF(AND('01_Estado_Actual'!$L$297="Para Programar",'01_Estado_Actual'!$G$297>0),"03 Base de asiento - Compactación","") -> 03 Base de asiento - Compactación | AP6: =IF(AND('01_Estado_Actual'!$L$321="Para Programar",'01_Estado_Actual'!$G$321>0),"03 Base de asiento - Compactación","") | AQ6: =IF(AND('01_Estado_Actual'!$L$345="Para Programar",'01_Estado_Actual'!$G$345>0),"03 Base de asiento - Compactación","") | AR6: =IF(AND('01_Estado_Actual'!$L$369="Para Programar",'01_Estado_Actual'!$G$369>0),"03 Base de asiento - Compactación","") | AS6: =IF(AND('01_Estado_Actual'!$L$393="Para Programar",'01_Estado_Actual'!$G$393>0),"03 Base de asiento - Compactación","") | AT6: =IF(AND('01_Estado_Actual'!$L$417="Para Programar",'01_Estado_Actual'!$G$417>0),"03 Base de asiento - Compactación","") | AU6: =IF(AND('01_Estado_Actual'!$L$441="Para Programar",'01_Estado_Actual'!$G$441>0),"03 Base de asiento - Compactación","") | AV6: =IF(AND('01_Estado_Actual'!$L$465="Para Programar",'01_Estado_Actual'!$G$465>0),"03 Base de asiento - Compactación","") | AW6: =IF(AND('01_Estado_Actual'!$L$489="Para Programar",'01_Estado_Actual'!$G$489>0),"03 Base de asiento - Compactación","") | AX6: =IF(AND('01_Estado_Actual'!$L$513="Para Programar",'01_Estado_Actual'!$G$513>0),"03 Base de asiento - Compactación","") | AY6: =IF(AND('01_Estado_Actual'!$L$537="Para Programar",'01_Estado_Actual'!$G$537>0),"03 Base de asiento - Compactación","") | AZ6: =IF(AND('01_Estado_Actual'!$L$561="Para Programar",'01_Estado_Actual'!$G$561>0),"03 Base de asiento - Compactación","") | BA6: =IF(AND('01_Estado_Actual'!$L$585="Para Programar",'01_Estado_Actual'!$G$585>0),"03 Base de asiento - Compactación","") | BB6: =IF(AND('01_Estado_Actual'!$L$609="Para Programar",'01_Estado_Actual'!$G$609>0),"03 Base de asiento - Compactación","") -> 03 Base de asiento - Compactación | BC6: =IF(AND('01_Estado_Actual'!$L$633="Para Programar",'01_Estado_Actual'!$G$633>0),"03 Base de asiento - Compactación","") | BD6: =IF(AND('01_Estado_Actual'!$L$657="Para Programar",'01_Estado_Actual'!$G$657>0),"03 Base de asiento - Compactación","") | BE6: =IF(AND('01_Estado_Actual'!$L$681="Para Programar",'01_Estado_Actual'!$G$681>0),"03 Base de asiento - Compactación","") | BF6: =IF(AND('01_Estado_Actual'!$L$705="Para Programar",'01_Estado_Actual'!$G$705>0),"03 Base de asiento - Compactación","") | BG6: =IF(AND('01_Estado_Actual'!$L$729="Para Programar",'01_Estado_Actual'!$G$729>0),"03 Base de asiento - Compactación","") | BH6: =IF(AND('01_Estado_Actual'!$L$753="Para Programar",'01_Estado_Actual'!$G$753>0),"03 Base de asiento - Compactación","") | BI6: =IF(AND('01_Estado_Actual'!$L$777="Para Programar",'01_Estado_Actual'!$G$777>0),"03 Base de asiento - Compactación","") | BJ6: =IF(AND('01_Estado_Actual'!$L$801="Para Programar",'01_Estado_Actual'!$G$801>0),"03 Base de asiento - Compactación","") | BK6: =IF(AND('01_Estado_Actual'!$L$825="Para Programar",'01_Estado_Actual'!$G$825>0),"03 Base de asiento - Compactación","") | BL6: =IF(AND('01_Estado_Actual'!$L$849="Para Programar",'01_Estado_Actual'!$G$849>0),"03 Base de asiento - Compactación","") | BM6: =IF(AND('01_Estado_Actual'!$L$873="Para Programar",'01_Estado_Actual'!$G$873>0),"03 Base de asiento - Compactación","") | BN6: =IF(AND('01_Estado_Actual'!$L$897="Para Programar",'01_Estado_Actual'!$G$897>0),"03 Base de asiento - Compactación","") | BO6: =IF(AND('01_Estado_Actual'!$L$921="Para Programar",'01_Estado_Actual'!$G$921>0),"03 Base de asiento - Compactación","") | BP6: =IF(AND('01_Estado_Actual'!$L$945="Para Programar",'01_Estado_Actual'!$G$945>0),"03 Base de asiento - Compactación","") | BQ6: =IF(AND('01_Estado_Actual'!$L$969="Para Programar",'01_Estado_Actual'!$G$969>0),"03 Base de asiento - Compactación","") | BR6: =IF(AND('01_Estado_Actual'!$L$993="Para Programar",'01_Estado_Actual'!$G$993>0),"03 Base de asiento - Compactación","") | BS6: =IF(AND('01_Estado_Actual'!$L$1017="Para Programar",'01_Estado_Actual'!$G$1017>0),"03 Base de asiento - Compactación","") | BT6: =IF(AND('01_Estado_Actual'!$L$1041="Para Programar",'01_Estado_Actual'!$G$1041>0),"03 Base de asiento - Compactación","") | BU6: =IF(AND('01_Estado_Actual'!$L$1065="Para Programar",'01_Estado_Actual'!$G$1065>0),"03 Base de asiento - Compactación","") | BV6: =IF(AND('01_Estado_Actual'!$L$1089="Para Programar",'01_Estado_Actual'!$G$1089>0),"03 Base de asiento - Compactación","") | BW6: =IF(AND('01_Estado_Actual'!$L$1113="Para Programar",'01_Estado_Actual'!$G$1113>0),"03 Base de asiento - Compactación","") | BX6: =IF(AND('01_Estado_Actual'!$L$1137="Para Programar",'01_Estado_Actual'!$G$1137>0),"03 Base de asiento - Compactación","") | BY6: =IF(AND('01_Estado_Actual'!$L$1161="Para Programar",'01_Estado_Actual'!$G$1161>0),"03 Base de asiento - Compactación","") | BZ6: =IF(AND('01_Estado_Actual'!$L$1185="Para Programar",'01_Estado_Actual'!$G$1185>0),"03 Base de asiento - Compactación","")
A7: =IF(OR(B7="",C7=""),"","PLAN-"&3) | D7: =IF(OR(B7="",C7=""),"",IF(C7="06 Servicios - Colocación de vaina / caño camisa","u",IF(C7="07 Hidrante - Ejecución completa","%",IFERROR(_xludf.XLOOKUP(B7&"|"&C7,'07_Base_Tecnica'!$AK$2:$AK$1201,'07_Base_Tecnica'!$AL$2:$AL$1201,""),"")))) | E7: =IF(OR(B7="",C7=""),"",IF(C7="06 Servicios - Colocación de vaina / caño camisa",MAX(0,IFERROR(_xludf.XLOOKUP(B7,'07_Base_Tecnica'!$K$5:$K$54,'07_Base_Tecnica'!$Q$5:$Q$54,0),0)-MAX(SUMIFS('05_Parte_Diario'!$H$5:$H$204,'05_Parte_Diario'!$D$5:$D$204,B7,'05_Parte_Diario'!$E$5:$E$204,"06 Servicios - Colocación de vaina / caño camisa"),COUNTIFS('06_Control_Semanal'!$B$283:$B$533,B7,'06_Control_Semanal'!$D$283:$D$533,"Colocada"))),IF(C7="07 Hidrante - Ejecución completa",MAX(0,100-SUMIFS('06_Control_Semanal'!$D$203:$D$222,'06_Control_Semanal'!$C$203:$C$222,B7)),IFERROR(_xludf.XLOOKUP(B7&"|"&C7,'02_Para_Programar'!$N$5:$N$304,'02_Para_Programar'!$F$5:$F$304,0),0)))) | G7: =IFERROR(ROUNDUP(E7/F7,0),"") | N7: Terminada | O7: =IF(OR(B7="",C7=""),"",IF(C7="07 Hidrante - Ejecución completa",IF(COUNTIF('06_Control_Semanal'!$C$203:$C$222,B7)>1,"ALERTA: >1 HIDRANTE",IF(E7>0,"OK","SIN SALDO / NO PROGRAMAR")),IF(E7>0,"OK","SIN SALDO / NO PROGRAMAR"))) | P7: =IF(OR(B7="",C7=""),"",IF(C7="07 Hidrante - Ejecución completa","HID|"&B7,IF(C7="06 Servicios - Colocación de vaina / caño camisa","SV|"&B7,B7&"|"&C7))) | Q7: =IF(B7="","",IFERROR(_xludf.XLOOKUP(B7,'07_Base_Tecnica'!$K$5:$K$54,'07_Base_Tecnica'!$W$5:$W$54,""),"")) | R7: =IF(B7="","",IFERROR(_xludf.XLOOKUP(B7,'07_Base_Tecnica'!$K$5:$K$54,'07_Base_Tecnica'!$X$5:$X$54,""),"")) | AA7: N11 - N17 | AC7: =IF(AND('01_Estado_Actual'!$L$10="Para Programar",'01_Estado_Actual'!$G$10>0),"04 Inspecciones previas - Laboratorio base de asiento","") | AD7: =IF(AND('01_Estado_Actual'!$L$34="Para Programar",'01_Estado_Actual'!$G$34>0),"04 Inspecciones previas - Laboratorio base de asiento","") | AE7: =IF(AND('01_Estado_Actual'!$L$58="Para Programar",'01_Estado_Actual'!$G$58>0),"04 Inspecciones previas - Laboratorio base de asiento","") | AF7: =IF(AND('01_Estado_Actual'!$L$82="Para Programar",'01_Estado_Actual'!$G$82>0),"04 Inspecciones previas - Laboratorio base de asiento","") | AG7: =IF(AND('01_Estado_Actual'!$L$106="Para Programar",'01_Estado_Actual'!$G$106>0),"04 Inspecciones previas - Laboratorio base de asiento","") | AH7: =IF(AND('01_Estado_Actual'!$L$130="Para Programar",'01_Estado_Actual'!$G$130>0),"04 Inspecciones previas - Laboratorio base de asiento","") | AI7: =IF(AND('01_Estado_Actual'!$L$154="Para Programar",'01_Estado_Actual'!$G$154>0),"04 Inspecciones previas - Laboratorio base de asiento","") | AJ7: =IF(AND('01_Estado_Actual'!$L$178="Para Programar",'01_Estado_Actual'!$G$178>0),"04 Inspecciones previas - Laboratorio base de asiento","") -> 04 Inspecciones previas - Laboratorio base de asiento | AK7: =IF(AND('01_Estado_Actual'!$L$202="Para Programar",'01_Estado_Actual'!$G$202>0),"04 Inspecciones previas - Laboratorio base de asiento","") -> 04 Inspecciones previas - Laboratorio base de asiento | AL7: =IF(AND('01_Estado_Actual'!$L$226="Para Programar",'01_Estado_Actual'!$G$226>0),"04 Inspecciones previas - Laboratorio base de asiento","") | AM7: =IF(AND('01_Estado_Actual'!$L$250="Para Programar",'01_Estado_Actual'!$G$250>0),"04 Inspecciones previas - Laboratorio base de asiento","") | AN7: =IF(AND('01_Estado_Actual'!$L$274="Para Programar",'01_Estado_Actual'!$G$274>0),"04 Inspecciones previas - Laboratorio base de asiento","") -> 04 Inspecciones previas - Laboratorio base de asiento | AO7: =IF(AND('01_Estado_Actual'!$L$298="Para Programar",'01_Estado_Actual'!$G$298>0),"04 Inspecciones previas - Laboratorio base de asiento","") -> 04 Inspecciones previas - Laboratorio base de asiento | AP7: =IF(AND('01_Estado_Actual'!$L$322="Para Programar",'01_Estado_Actual'!$G$322>0),"04 Inspecciones previas - Laboratorio base de asiento","") | AQ7: =IF(AND('01_Estado_Actual'!$L$346="Para Programar",'01_Estado_Actual'!$G$346>0),"04 Inspecciones previas - Laboratorio base de asiento","") | AR7: =IF(AND('01_Estado_Actual'!$L$370="Para Programar",'01_Estado_Actual'!$G$370>0),"04 Inspecciones previas - Laboratorio base de asiento","") | AS7: =IF(AND('01_Estado_Actual'!$L$394="Para Programar",'01_Estado_Actual'!$G$394>0),"04 Inspecciones previas - Laboratorio base de asiento","") | AT7: =IF(AND('01_Estado_Actual'!$L$418="Para Programar",'01_Estado_Actual'!$G$418>0),"04 Inspecciones previas - Laboratorio base de asiento","") | AU7: =IF(AND('01_Estado_Actual'!$L$442="Para Programar",'01_Estado_Actual'!$G$442>0),"04 Inspecciones previas - Laboratorio base de asiento","") | AV7: =IF(AND('01_Estado_Actual'!$L$466="Para Programar",'01_Estado_Actual'!$G$466>0),"04 Inspecciones previas - Laboratorio base de asiento","") | AW7: =IF(AND('01_Estado_Actual'!$L$490="Para Programar",'01_Estado_Actual'!$G$490>0),"04 Inspecciones previas - Laboratorio base de asiento","") | AX7: =IF(AND('01_Estado_Actual'!$L$514="Para Programar",'01_Estado_Actual'!$G$514>0),"04 Inspecciones previas - Laboratorio base de asiento","") | AY7: =IF(AND('01_Estado_Actual'!$L$538="Para Programar",'01_Estado_Actual'!$G$538>0),"04 Inspecciones previas - Laboratorio base de asiento","") | AZ7: =IF(AND('01_Estado_Actual'!$L$562="Para Programar",'01_Estado_Actual'!$G$562>0),"04 Inspecciones previas - Laboratorio base de asiento","") | BA7: =IF(AND('01_Estado_Actual'!$L$586="Para Programar",'01_Estado_Actual'!$G$586>0),"04 Inspecciones previas - Laboratorio base de asiento","") | BB7: =IF(AND('01_Estado_Actual'!$L$610="Para Programar",'01_Estado_Actual'!$G$610>0),"04 Inspecciones previas - Laboratorio base de asiento","") -> 04 Inspecciones previas - Laboratorio base de asiento | BC7: =IF(AND('01_Estado_Actual'!$L$634="Para Programar",'01_Estado_Actual'!$G$634>0),"04 Inspecciones previas - Laboratorio base de asiento","") | BD7: =IF(AND('01_Estado_Actual'!$L$658="Para Programar",'01_Estado_Actual'!$G$658>0),"04 Inspecciones previas - Laboratorio base de asiento","") | BE7: =IF(AND('01_Estado_Actual'!$L$682="Para Programar",'01_Estado_Actual'!$G$682>0),"04 Inspecciones previas - Laboratorio base de asiento","") | BF7: =IF(AND('01_Estado_Actual'!$L$706="Para Programar",'01_Estado_Actual'!$G$706>0),"04 Inspecciones previas - Laboratorio base de asiento","") | BG7: =IF(AND('01_Estado_Actual'!$L$730="Para Programar",'01_Estado_Actual'!$G$730>0),"04 Inspecciones previas - Laboratorio base de asiento","") | BH7: =IF(AND('01_Estado_Actual'!$L$754="Para Programar",'01_Estado_Actual'!$G$754>0),"04 Inspecciones previas - Laboratorio base de asiento","") | BI7: =IF(AND('01_Estado_Actual'!$L$778="Para Programar",'01_Estado_Actual'!$G$778>0),"04 Inspecciones previas - Laboratorio base de asiento","") | BJ7: =IF(AND('01_Estado_Actual'!$L$802="Para Programar",'01_Estado_Actual'!$G$802>0),"04 Inspecciones previas - Laboratorio base de asiento","") | BK7: =IF(AND('01_Estado_Actual'!$L$826="Para Programar",'01_Estado_Actual'!$G$826>0),"04 Inspecciones previas - Laboratorio base de asiento","") | BL7: =IF(AND('01_Estado_Actual'!$L$850="Para Programar",'01_Estado_Actual'!$G$850>0),"04 Inspecciones previas - Laboratorio base de asiento","") | BM7: =IF(AND('01_Estado_Actual'!$L$874="Para Programar",'01_Estado_Actual'!$G$874>0),"04 Inspecciones previas - Laboratorio base de asiento","") | BN7: =IF(AND('01_Estado_Actual'!$L$898="Para Programar",'01_Estado_Actual'!$G$898>0),"04 Inspecciones previas - Laboratorio base de asiento","") | BO7: =IF(AND('01_Estado_Actual'!$L$922="Para Programar",'01_Estado_Actual'!$G$922>0),"04 Inspecciones previas - Laboratorio base de asiento","") | BP7: =IF(AND('01_Estado_Actual'!$L$946="Para Programar",'01_Estado_Actual'!$G$946>0),"04 Inspecciones previas - Laboratorio base de asiento","") | BQ7: =IF(AND('01_Estado_Actual'!$L$970="Para Programar",'01_Estado_Actual'!$G$970>0),"04 Inspecciones previas - Laboratorio base de asiento","") | BR7: =IF(AND('01_Estado_Actual'!$L$994="Para Programar",'01_Estado_Actual'!$G$994>0),"04 Inspecciones previas - Laboratorio base de asiento","") | BS7: =IF(AND('01_Estado_Actual'!$L$1018="Para Programar",'01_Estado_Actual'!$G$1018>0),"04 Inspecciones previas - Laboratorio base de asiento","") | BT7: =IF(AND('01_Estado_Actual'!$L$1042="Para Programar",'01_Estado_Actual'!$G$1042>0),"04 Inspecciones previas - Laboratorio base de asiento","") | BU7: =IF(AND('01_Estado_Actual'!$L$1066="Para Programar",'01_Estado_Actual'!$G$1066>0),"04 Inspecciones previas - Laboratorio base de asiento","") | BV7: =IF(AND('01_Estado_Actual'!$L$1090="Para Programar",'01_Estado_Actual'!$G$1090>0),"04 Inspecciones previas - Laboratorio base de asiento","") | BW7: =IF(AND('01_Estado_Actual'!$L$1114="Para Programar",'01_Estado_Actual'!$G$1114>0),"04 Inspecciones previas - Laboratorio base de asiento","") | BX7: =IF(AND('01_Estado_Actual'!$L$1138="Para Programar",'01_Estado_Actual'!$G$1138>0),"04 Inspecciones previas - Laboratorio base de asiento","") | BY7: =IF(AND('01_Estado_Actual'!$L$1162="Para Programar",'01_Estado_Actual'!$G$1162>0),"04 Inspecciones previas - Laboratorio base de asiento","") | BZ7: =IF(AND('01_Estado_Actual'!$L$1186="Para Programar",'01_Estado_Actual'!$G$1186>0),"04 Inspecciones previas - Laboratorio base de asiento","")
